"Дата заявки";"п/н ";"Адрес";"Округ";"Наименование";"Доп. информация";"Телефон клиента или менеджер";"Статус заявки";"Что сделано, отчет техника/инженера по месту";"Комментарий инженера";"Latitude";"Longitude"
"13.06.2024";"1127";"Пятницкий переулок .8";"Новокузнецкая ";"Офис (торговые помещения)";"тревога тампера/ разряд 3,15 зон";" ";"не назначено";"Сергей Иванович +79637103050";"-";"55.7428173";"37.6297312"
"22.05.2024";"1137";" Таганская 29";"Таганская";"Салон красоты Монэ ИП Сидоренко Е С";"тампер 3 зоны";"-";"не назначено";"-";"-";"55.7399136";"37.6676617"
"24.04.2024";"1231";"Зубовская, 5/36,";"Парк Культуры ";" Ресторан «Идрик";"НКС";"-";"не назначено";"-";"-";"55.7374553";"37.5846198"
"13.06.2024";"1440";"Москва остановочная платформа МЦК Площадь Гагарина вход с Площадь Гагарина";"Ленинский проспект";"Кассы станций МЦК остановочная платформа МЦК Площадь Гагарина ОАО РЖД";"не проходит КТС";"-";"не назначено";"-";"-";"55.7085572";"37.582812"
"02.05.2024";"1484";"Домодедовский р-н, ОПК Бор 153";"Домодедово";"Коттедж";"НКС";"-";"не назначено";"-";"-";"55.3392731";"37.8085337"
"08.05.2024";"1504";"Ленинский район дер Городище ул Весенняя 25";"Ям";"коттедж";"НКС";"-";"не назначено";"Воюш Алексей Сергеевич +79261611833";"-";"54.2984812";"37.4354383"
"08.05.2024";"1506";"ЖК Дубровка пер Кленовый д 2 кв 8";"Домодедово";"Квартира Горбань Е.Ю. ";"НКС";"-";"не назначено";"Горбань Елена Юрьевна 8-916-872-58-73";"-";"55.5722572";"37.4504492"
"30.05.2024";"1507";"СНТ Орбита, 11";"поселение Первомайское";" Гальцов М Д ЧОП Синяя Птица";"проблемы с постановкой и снятием";"-";"не назначено";"Гальцов Михаил Дмитриевич +79651501215";"-";"55.509674";"37.295179"
"08.05.2024";"1521";"д. Городище Ленинский район ул. Весенняя д.9";"Ям";"Коттедж Ханна Халим Абдулла ";"НКС";"А 34";"не назначено";"Ханна Халим Абдула +79035777199";"-";"54.26428929999999";"37.4291169"
"19.06.2024";"1540";"п. Сосенское, Калужское ш 21 км, в ТРЦ «МЕГА», пом. 6042";"Коммунарка ";"ООО «Трейд Менеджмент» магазин одежды «HUGO BOSS».";"НКС";"А 31";"не назначено";"-";"-";"55.605663";"37.486463"
"19.06.2024";"1660";"МО г Одинцово, Мал. Сареево д.36";"Одинцово";"Коттедж";"потеря датчиков";" ";"не назначено";"8-495-761-39-23, нужен програматор для напко";"-";"55.7111232";"37.1984805"
"22.05.2024";"1704";"коттеджный посёлок Светлогорье, 10/17";"Звенигород";"Коттедж Гончарова Н В";"акб,неисправность датч";"-";"не назначено";"Гончаров Дмитрий Вадимович +79031306009";"-";"55.857245";"36.821458"
"26.04.2024";"2298";"Профсоюзная, д. 154, корп. 4 ОС + КТС";"Теплый Стан";"ГБУЗ ""ГП № 134 ДЗМ"" КХН";"НКС";"проверить";"не назначено";"-";"-";"55.62194599999999";"37.5056115"
"28.05.2024";"2378";"г. Одинцово, Можайское шоссе, 112А";"Одинцово";"Додо Пицца, О";"потери 7 зоны";"проверить";"не назначено";"-";"-";"55.685088";"37.3028091"
"26.04.2024";"7825";"Ногинский р-н, СНТ Горелый лес, ул. Беговая, уч. 1374";"Ногинск";"Коттедж";"НКС";"-";"не назначено";"Гавриков Андрей Игоревич +79166499721";"-";"55.7770044";"38.3723746"
"26.04.2024";"7853";"МО, р.п. Боброво, ул. Крымская, д.3 корп. 1 кв. 73";"Боброво";"Квартира";"НКС";"-";"не назначено";"89263741228 Мария Геннадьевна";"-";"55.5368569";"37.6138703"
"26.04.2024";"8408";"Мичуринский пр-т д.25 к.1";"Раменки";"Салон красоты Блеск";"НКС";"-";"не назначено";"-";"-";"55.69704059999999";"37.5035554"
"26.04.2024";"8418";"г.Королев мкр. Болшево, Чкаловская д.3/2";"Королев";"Коттедж";"НКС";"-";"не назначено";"-";"-";"55.933333";"37.85"
"26.04.2024";"9429";"г. Видное, ул. Березовая, д. 9, кв.720";"Видное";"Квартира";"потери связи постоянные";"-";"не назначено";"-";"-";"55.5416152";"37.7222978"
"13.09.2024";"19406";"Москва, Лялин переулок, 22";"Курская";"Красное и Белое";"Со слов хоза. Прибор пищит, мигает лампа АКБ";"-";"не назначено";"-";"-";"55.7576011";"37.6526842"
"21.06.2024";"22019";"Ленинградское шоссе 228 к 3";"Молжаниново";"ИП Кобец К Ю ";"заблокировалась клава";" ";"не назначено";"Юрьевич 89056867548";"-";"55.932591";"37.381558"
"04.06.2024";"22023";"Москва, улица Обручева, 23к3";"Калужская ";"офис АТБ";"проблемы со снятием/првоерить ПС";"-";"не назначено";"74959883061";"-";"55.6577449";"37.5294626"
"03.06.2024";"22084";" Судостроительная 18 ";"Коломенская ";"Офис МЦК Москва";" ОС самопроизвольно,";"-";"не назначено";" 903 584-28-39 Александр";"-";"55.6800993";"37.6757205"
"02.05.2024";"22085";"Москва, п. Сосенское, п. Коммунарка, ул. Александры Монаховой, дом 43, корп.2, ";"-";"-";"-";"-";"не назначено";"-";"-";"55.56731180000001";"37.4817812"
"16.05.2024";"22097";"Волоколамское шоссе 71 корпус 4 ";"Спартак ";"Винотека Вайн энд виски ООО Вайн энд вайн";" неисправность шл 7";"-";"не назначено";"-";"-";"55.8366619";"37.2894091"
"23.04.2024";"22103";"Перерва 41 этаж 1";"Братиславская ";"Компьютерный клуб Джектор Джек";"потеря связи";"-";"не назначено";"-";"-";"55.659434";"37.747091"
"07.06.2024";"22105";"пос. Московский,ул. Саларьевская, 9,";"Московский";"ИП Хаустова Ольга Александровна, языковой центр";"тревоги";" ";"не назначено";"-";"-";"55.617281";"37.417446"
"21.06.2024";"22108";"Лосино- Петровский,рп. Свердловский,ул. Заречная 7,";"Лосино петрвоский";"ИП Сытник Максим Викторович, пвз ОЗОН";"заменить АКБ";"-";"не назначено";"-";"-";"55.899941";"38.148638"
"08.07.2024";"32012";"НАО Москвы, пос. Десеновское, СНТ Юпитер 70";"Десеновское";"Коттедж";"Проблема с проведением тестов";"-";"не назначено";"-";"-";"55.523769";"37.3753307"
"02.09.2024";"32018";"деревня Фоминское, Московская улица, 10";"Фоминское";"Коттедж Губанок Л. М";"КТС самопроизвольно";"-";"не назначено";"-";"-";"55.5244413";"37.3050618"
"13.09.2024";"32022";"деревня Городище, Ямская улица, 14";"дер. Городище";"Коттедж Суворов В. Е";"Потеря связи с ППК";"-";"не назначено";"-";"-";"55.5352384";"37.431445"
"13.09.2024";"32083";"деревня Городище, Ямская улица, 23";"дер. Городище";"Коттедж Поздняков А. Ю";"АКБ прибора";"-";"не назначено";"-";"-";"55.5338919";"37.4293929"
"03.06.2024";"32088";" Домодедовский район п/о санаторий";"Домомдедово ";" Подмосковье Русская Многоуровневая Школа";"заменить АКБ";"-";"не назначено";"-";"-";"55.372841";"37.758716"
"06.09.2024";"32130";"Домодедовский р-н ОПК Бор 163";"Домодедово";"Коттедж Тарасов А. А";"Потеря связи с ППК";"-";"не назначено";"-";"-";"55.3392731";"37.8085337"
"15.03.2024";"32155";"НАО Москвы поселение Воскресенское дер Городище ул Ямская 11";"Потапово";"Ахмед Шабир коттедж ";"потери связи ";"-";"не назначено";"-";"-";"55.5328539";"37.448643"
"08.07.2024";"32523";"г. Москва, ул. Миклухо Маклая 40 корп. 1, кв. 152";"Беляево ";"Квартира";"Потеря связи с ППК";"-";"не назначено";"-";"-";"55.638766";"37.5385817"
"12.07.2024";"32953";"Лабинск, Огородная улица, 27";"Лабинск";"Магазин Лаб Табак";"Потери связи с ППК";"-";"не назначено";"-";"-";"44.6693231";"40.7062924"
"12.04.2024";"35231";"Одинцовский р-н, д/х ""Жуковка"", д.2 , квартира 12 А ";"-";"Квартира";"заменить сим";"-";"не назначено";"-";"-";"55.735111";"37.2573244"
"14.05.2024";"39007";"Варшавское шоссе 143 корп 1";"Анино ";"Студия красоты Нэйлс Ап ИП Малахова К М";"тревога тампера 701";"-";"не назначено";"-";"-";"55.5832782";"37.5994472"
"15.05.2024";"39028";"бульвар Строгинский 14 корп 4";"строгино ";"Аптека Планета Здоровья ООО Парацельс";"тампер 5 зоны";"-";"не назначено";"-";"-";"55.8027277";"37.4080372"
"16.05.2024";"39056";"Маршала Савицкого 20 к 1";"Щербинка";"Стоматология Дантистъ Грандъ плюс ООО Дантистъ Грандъ плюс";"тревоги по 11 зоне";"-";"не назначено";"Булгару Алексей Васильевич +79629339590";"-";"55.503789";"37.58972199999999"
"15.05.2024";"39083";"МО Ленинский район дер Ямонтово ул Солнечная 4";"Развилка";"Коттедж ИП Солгалов М Н ЧОП Синяя Птица";"проверить работосаосбность";"Даниелян";"не назначено";"Солгалов Михайл Николаевич +79030173235 +7 903 017-32-35,  8916-553-72-60 Елена — помощница";"-";"55.533524";"37.64365120000001"
"05.04.2024";"39091";"Домодедовский р-н, д.Тургенево д.43";"Домодедово";"Коттедж";"проверить работоспособность/обучить Х/О";"-";"не назначено";"-";"-";"55.34081279999999";"37.7102564"
"26.04.2024";"39608";" г. Долгопрудный, пос. Набережный, Береговая ул, дом № 17, квартира 9, 10 ";"Долгопрудный ";"Таунхаус";"НКС";"-";"не назначено";"Фомин Евгений Владимирович +79161693924";"-";"55.9133236";"37.4890672"
"02.05.2024";"40207";"Столешников пер 7 строение 1";"Тверская ";" Магазин ПИК Соувэни ООО Траектория Москва ";"потери связи";"-";"не назначено";"-";"-";"55.76298019999999";"37.6143057"
"22.03.2024";"40322";"мкр.Востряково, Весенняя, д11";"Домодедово";"Коттедж";"Ложные сработки ";"-";"не назначено";"-";"-";"55.3994507";"37.8251095"
"10.06.2024";"40334";"МКАД 41-й километр, д. 4, стр. 32, ТОГК Славянский мир, ";"МКАД";"Строительный магазин «Мастер Строй»";"отказы связи";" ";"не назначено";"-";"-";"55.6110458";"37.4889633"
"02.09.2024";"40336";"Москва, МКАД, 41-й километр, 4с32";"Тёплый Стан";"Склад сумок ИП Исаева И. В";"Потеря связи с ППК";"-";"назначено";"бевз 09.09.2024";"-";"55.6110458";"37.4889633"
"19.06.2024";"46719";"г.Домодедово, Вокзальная 2 Г";"Домодедово";"Магазин Мистраль ООО Вино Розница";"НКС";"-";"не назначено";"89775130709";"-";"55.403006";"37.817539"
"17.05.2024";"46790";"Пятницкое шоссе 8";"Волоколамская";"Алкогольный магазин Красное белое ООО Альфа М";"заменить АКБ";"-";"не назначено";"-";"-";"55.9372372";"37.1767729"
"13.09.2024";"46820";"Москва, Новорязанская улица, 2/7";"Комсомольская";"Магазин Красное и Белое ООО Альфа - М";"КТС не работает";"-";"не назначено";"-";"-";"55.7713774";"37.6551648"
"24.06.2024";"46825";"Суворовская  2/1 пом.5";"Электрозаводская ";"ООО КиБ";"пробелема с постановкой";"-";"не назначено";"-";"-";"55.7879445";"37.7097508"
"10.06.2024";"46866";" г. Мытищи ул. Силикатная 18 Б";"Мытищи";"Дом трудолюбия Ной (ИП Сосинский ЭВ)";"заменить АКБ";"-";"назначено";"Ковалёв 12.09.2024";"-";"55.929581";"37.775674"
"24.04.2024";"46880";"г. Лобня, Букинское шоссе, д.41 ";"Лобня";", Магазин Автозапчастей и цветов";"тревоги по 3 зоне";"-";"не назначено";"-";"-";"56.02150450000001";"37.4733445"
"02.09.2024";"47778";"Лыткарино, улица Степана Степанова, 2";"Лыткарино";"Гараж ГСК 29 бокс 13";"Проблемы с тестами";"-";"не назначено";"-";"-";"55.5778267";"37.9034779"
"06.09.2024";"48691";"Лобня, улица Ленина, 4В";"Лобня";"Павильон ИП Ковалков М. В";"АКБ прибора";"-";"не назначено";"-";"-";"56.0128621";"37.4816138"
"02.09.2024";"51344";"Долгопрудный, Зелёная улица, 4";"Долгопрудный";"Храм Сергея Радонежского";"АБ ШС 1/3/4/8 + Тревога ШС 10 ПС";"-";"не назначено";"-";"-";"55.9196375";"37.5213485"
"02.09.2024";"51537";"Москва, 6-я Радиальная улица, 5к2";"Царицыно";"ООО Советская Аптека";"Потеря связи с ППК";"-";"не назначено";"-";"-";"55.6046071";"37.6586667"
"06.05.2024";"52246";"г.Электосталь, Журавлева д.2";"Электросталь";"Все Инструменты";"сработки ПС , с большой стремянкой";" ";"не назначено";"89645654544";"-";"55.7763235";"38.4329421"
"12.07.2024";"52265";"МО г. Павловский Посад, ул. Герцена 14";"Павловский Посад";"Сеть салонов Оптимист Оптика";"ППКОМ потери питания и связи";"-";"не назначено";"-";"-";"55.7781082";"38.6712184"
"26.04.2024";"81159";"Ак. Волгина д.8 А кв. 95";"Беляево ";"Квартира";"НКС";"-";"не назначено";"-";"-";"55.651562";"37.517141"
"16.05.2024";"81161";"Госпитальный вал, д.3-91";"ПЛощадь Ильича";"Квартира";"проверить АБ 2, 3 зон";"-";"не назначено";"Лисицкая Ольга Вячеславовна 7(916)172-36-31";"-";"55.7708458";"37.7039519"
"03.06.2024";"81207";"МО Ленинский район д Лопатино 29";"-";"Коттедж Зудин В.Б";"потери 6,7 зон";"-";"не назначено";" Зудин Владимир Борисович 8-915-119-96-74";"-";"55.527402";"37.64321"
"30.05.2024";"81236";"деревня Суханово, 148";"-";"Коттедж УК Суханово Парк"" Битаровой Кристины Алановны";"проверить 12 зону";"-";"не назначено";": Битарова Кристина Алановна 79257705555";"-";"55.518775";"37.654008"
"06.05.2024";"81274";"МО Истринский район д Покровское ул Центральная 33 корп 4";"Истра-Звенигород";"Бутик Хендерсон ООО Тами и Ко";"проверить работоспособость 11,12 зон";"-";"не назначено";"79262655807 Макеева";"-";"55.8117677";"37.0216569"
"24.05.2024";"81399";" ЖК ""Суханово Парк"" , д.47";"Одинцово";"Коттедж Лесиной Елены Валерьевны";"заменить АБ 10 зоны";"-";"не назначено";"-";"-";"55.5303744";"37.667672"
"02.05.2024";"81601";"ЖК ""Суханово Парк"" д 101 ";"Видное";"Коттедж";"проверить АКБ, разряд 7,12 зон";"-";"не назначено";"-";"-";"55.5303744";"37.667672"
"13.06.2024";"82717";"пр Университетский 21 корпус 4 кв 20";"Ломоносовский проспект";"квартира";"разряд акб сразу после откл 220.";"-";"не назначено";"Квартира 8(499)443-18-51";"-";"55.7129211";"37.5186201"
"24.05.2024";"83453";"Новинский бр д.8 в ТЦ Арбат Лотте Плаза";"Арбатская";"ЗАО УРИ Банк";"тревоги по 6 зоне";"Трубин 23.05.24";"не назначено";"-";"-";"55.7512181";"37.5846061"
"19.06.2024";"84006";"деревня Суханово, 121";"Суханово Парк";"Коттедж ""УК Суханово Парк"" Богачева Бориса Александровича";"отказы по 18 зоне";"-";"не назначено";"Богачев Борис Александрович 8-925-900-07-00";"-";"55.5188472";"37.6541126"
"13.06.2024";"84009";"МО д Суханово ЖК Суханово парк 43 пом 2";"Видное";"Коттедж Орлова О Р";"заменить АБ 6 зоны";"-";"не назначено";"-";"-";"55.52392";"37.64931"
"05.04.2024";"84104";"Марьинский бр д.4 ";"Марьино";"Медицинский центр ООО Бизнес Эстейт";"Не прошла боевая КТС. Разряд АКБ.";"-";"не назначено";"89163282677 Александр Николаевич";"-";"55.6475812";"37.749615"
"02.05.2024";"84836";" Цветной бульвар ,дом 23 ,стр 1 ";"Цветной Бульвар";"Ресторан Пироги +вино и Гусь ООО Зетта";"проверить РОПП Стрельца";"-";"не назначено";"-";"-";"55.7727158";"37.620746"
"02.05.2024";"85330";"деревня Суханово, 138";"Видное";"Коттедж  Лебедева Юлия Валентиновна";"заменить АКБ";"-";"не назначено";"-";"-";"55.5188472";"37.6541126"
"02.09.2024";"130014";"Химки, улица Маяковского, 14";"Химки";"Аптека Планета Здоровья ООО РОСТ";"АКБ прибора";"-";"не назначено";"-";"-";"55.893728";"37.4423959"
"17.06.2024";"130132";"г Коломна ул Дзержинского 4 пом 218";"Коломна";"Учебный центр ИП Лысенко Е С";"заменить АКБ";"-";"не назначено";"-";"-";"55.0809491";"38.807425"
"13.09.2024";"130134";"Домодедово, Логистическая улица, 1";"Домодедово";"Пункт приёма металла ИП Большаков Т. А";"АКБ прибора + Проверить 220 V";"-";"не назначено";"-";"-";"55.473273";"37.7404518"
"13.09.2024";"130141";"Тула, Китаевский проезд, 5";"Тула";"Офис ООО Регион Трейд";"АБ ШС 18/17";"-";"не назначено";"-";"-";"54.1837837";"37.5625844"
"09.07.2024";"130262";"г. Москва, павильон в метро ст. Бульвар Дмитрия Донского";"Бульвар Дмитрия Донского";"Кофешефф ООО Галерея Квант";"НКС + Многократные сработки ШС 17/18";"-";"назначено";"-";"-";"55.5693032";"37.5759915"
"13.06.2024";"130271";"МО г Раменское ул Чугунова 41";"Раменское";"Все Инструменты";"заменить АБ 18 зоны";"-";"не назначено";"-";"-";"55.5796193";"38.2020943"
"13.09.2024";"130309";"Домодедово, улица Корнеева, 8";"Домодедово";"ООО Ломбард Надёжный";"Проблемы с 220 V";"-";"не назначено";"-";"-";"55.4358961";"37.7725576"
"27.05.2024";"130354";"Сеславинская 16 кор. 1";"Багратионовская ";"Салон красоты Мэрисон";"тревога тампера 17 зоны";"-";"не назначено";"-";"-";"55.7439322";"37.4957794"
"28.05.2024";"130396";"г.Королев, пр-тКоролева д.11";"Королев";"Пекаарня Хлебница Москва Центр ИП Голубова А.Е..";"тревоги по 4 зоне";" ";"не назначено";"-";"-";"55.9223977";"37.8526244"
"10.07.2024";"130397";"МО Ленинский район, сел. пос. Булатниковское, д. Дрожжино, ул. Южная 11, кв. 1";"пос. Булатниковское (Щербинка D2)";"Стоматология Йес";"Тампер ШС 20 + ";"-";"не назначено";"-";"-";"55.520054";"37.586693"
"17.05.2024";"130483";" Б. Черкизовская, дом 5А";"Преображенская площадь";"ООО «ЛОМБАРД НАДЕЖНЫЙ»";"тревоги по 13 зоне";"-";"не назначено";"-";"-";"55.797254";"37.7187141"
"17.06.2024";"130575";"г.Мытищи, Университетская д.13 к.3";"Мытищи";"Магазин Мильстрим О";"заменить АКБ";"-";"не назначено";"-";"-";"55.9174791";"37.7601074"
"06.09.2024";"130583";"Москва, улица Вертолётчиков, 4к8";"Некрасовка";"Квартира Гибилова Е. Е";"НКС";"-";"не назначено";"-";"-";"55.7101702";"37.939764"
"02.09.2024";"130592";"Москва, Ясный проезд, 10";"Свиблово";"Маркет Гастроном ООО Феникс";"ШС 17 Тампер + АБ ШС 18";"-";"не назначено";"-";"-";"55.8738212";"37.6292624"
"07.05.2024";"130606";"Раменский р-н с.Карпово 195";"Раменское";"Магазин Мильстрим ООО Торговый дом Новоритейл";"заменить АКБ";"-";"не назначено";"-";"-";"55.578174";"38.5705901"
"02.09.2024";"130695";"Москва, Профсоюзная улица, 144";"Тёплый Стан";"Магазин разливных напитков ИП Спанко О.А";"ШС 17/18 тревоги при постановке на охрану";"-";"не назначено";"-";"-";"55.624347";"37.508292"
"28.05.2024";"130724";"Нахимовский пр 1/1";"Нахимовский";"ООО ""Мильстрим Ритейл""";"заменить АКБ";"-";"не назначено";"-";"-";"55.6624921";"37.6179512"
"08.07.2024";"130796";"Москва, Кировоградская улица, 13А";"Пражская";"Ювелирный магазни Тоус ООО Рашэл Групп";"долбит тампер 18 зоны";"-";"назначено";"-";"-";"55.6121359";"37.6070701"
"02.09.2024";"130810";"Москва, Электролитный проезд, 3Г";"Нагорная";"Пункт приема металлолома ИП Большаков Т.А";"НКС + АКБ прибора";"-";"не назначено";"-";"-";"55.6768195";"37.614834"
"07.06.2024";"130830";"Щербинка, ул. Пушкинская, д. 2";"Щербинка";"Ломбард ООО Ломбард Рубин";"заменить АКБ";"-";"не назначено";"-";"-";"55.5104667";"37.5640608"
"13.09.2024";"130833";"Москва, МКАД, 34-й километр";"Лесопарковая";"Интим магазин ЭроВита ИП Казакевич А. С";"НКС + Промблемы с 220 V + АКБ прибора";"-";"не назначено";"-";"-";"55.580482";"37.576528"
"17.05.2024";"130834";"23км МКАД ввл.3 к.2";"МКАД";"Интим Магазин Эро Вита ИП Лагутин Н.Н.";"заменить АКБ";"-";"не назначено";"-";"-";"55.6909315";"37.4130217"
"13.09.2024";"130913";"Калуга, улица Братьев Луканиных, 17";"Калуга";"Аптека Вита Экспресс ООО Сфера";"АКБ прибора";"-";"не назначено";"-";"-";"54.5011553";"36.1767021"
"06.09.2024";"131079";"Сергиев Посад, улица Глинки, 8А";"Сергиев Посад";"Лаборатория Гемотест ООО ЛегендЛаб";"ШС 19 Тампер";"-";"не назначено";"-";"-";"56.3281566";"38.1487867"
"23.04.2024";"131091";"г. Лыткарино, 6-ой микрорайон, строение 10";"Лыткарино";"ООО СК ""Гума"", ";"заменить АКБ";"-";"не назначено";"-";"-";"55.5959825";"37.8867127"
"08.07.2024";"131097";"г. Москва, пр-т Рязанский 77";"Рязанский проспект ";"Ломбард Рязанский ООО Авто Ломбард Эквивалент";"АКБ прибора";"-";"не назначено";"-";"-";"55.7174724";"37.7949277"
"07.09.2024";"131113";"Тверь, проспект Калинина, 6";"Тверь";"Все Инструменты";"АБ 19 зоны";"-";"не назначено";"-";"-";"56.8560385";"35.8768687"
"03.09.2024";"131131";"Москва, Флотская улица, 17к2";"Речной вокзал";"Аптечный Пункт ООО Биоритм";"ШС 17 ложно";"-";"не назначено";"-";"-";"55.85772499999999";"37.5068119"
"04.04.2024";"131185";"г.Лобня, Ленина д.19 к.1";"Лобня";"Магазин Скупка ООО Путиловец";"АКБ прибора + Проблемы с 220 V";"-";"не назначено";"-";"-";"56.01183649999999";"37.4791827"
"08.07.2024";"131204";"г. Москва, ул. Покровка 20/1, стр. 1";"Курская";"Бар Сентябрь ООО пунт";"-";"-";"не назначено";"-";"-";"55.7586876";"37.6470823"
"06.09.2024";"131240";"Чехов, Симферопольское шоссе, 1";"Чехов";"Магазин Фамилия ООО Максима Групп";"АКБ прибора";"-";"не назначено";"-";"-";"55.16164389999999";"37.4683081"
"13.09.2024";"131246";"Балашиха, Балашихинское шоссе, 10";"Балашиха";"Магазин Пекарня Буханка ИП Ратникова Л. В";"АКБ прибора";"-";"не назначено";"-";"-";"55.8225327";"37.9320467"
"26.04.2024";"131281";"Садовническая 13 стр 12";"Третьяковская";"ООО Веста";"заменить АБ 20 зоны + АКБ прибора";"-";"не назначено";"-";"-";"55.747227";"37.631679"
"03.06.2024";"131365";"г.Химки, Вашутинская ш.4";"Химки";"офис ОО Империя";"заменить АКБ";"-";"не назначено";"-";"-";"55.920435";"37.406809"
"18.04.2024";"131379";" Калуга Грабцевское шоссе 47 ";"-";"Все Инструменты ООО ВсеИнструменты ру";"заменить АБ 18 зоны";"-";"не назначено";"-";"-";"54.53664209999999";"36.3043551"
"12.07.2024";"131383";"Луховичкий р-н пгт Белоомут Советская пл. 2Б";"Луховицы";"Аптека Планета Здоровья ООО Меридиан";"заменить АКБ + возможно прибор ";"-";"не назначено";"-";"-";"54.938819";"39.339831"
"13.09.2024";"131417";"Москва, Ходынский бульвар, 4";"ЦСКА";"Магазин Мохито ООО РЕ Трэйдинг";"НКС + Проверить 220 V + АКБ прибора";"-";"не назначено";"-";"-";"55.7858315";"37.5314698"
"13.09.2024";"131484";"деревня Мисайлово, 2";"Мисайлово";"Магазин Мильстрим ООО Амфора Юг";"АКБ прибора + Проблемы с 220 V";"-";"не назначено";"-";"-";"55.5570027";"37.879896"
"02.09.2024";"131487";"Москва, Алтуфьевское шоссе, 86";"Алтуфьево";"Квартира Карасева Л. Н";"НКС + АКБ прибора";"-";"не назначено";"-";"-";"55.89711";"37.588853"
"02.09.2024";"131524";"село Жаворонки, 3-я Советская улица, 14В";"с. Жаворонки";"Частный дом Бурлаченко А. Н";"Постоянные перезапуски прибора + АКБ прибора";"-";"не назначено";"-";"-";"55.6441148";"37.0961644"
"21.06.2024";"131536";"г. Королев,ул. Пионерская,д. 8 г,";"Королев";"Асоортида";"заменить АКБ";"-";"не назначено";"-";"-";"55.913248";"37.814393"
"11.06.2024";"131554";"Фрязино Горького 7";"Фрязино";" ООО ""МЕРИДИАН"" Аптека Планета Здоровья";"заменить АКБ";"-";"не назначено";"-";"-";"55.9590193";"38.0349039"
"13.09.2024";"131563";"Москва, Волгоградский проспект, 3";"Пролетарская";"Ломбард Волгоградский ООО Авто Ломбард Эквивалент";"Не работает КТС";"-";"не назначено";"-";"-";"55.7139215";"37.7185206"
"31.05.2024";"131565";"Перерва ул, д. 52";"Братиславская ";"ООО «Хайскрин Смарт»";"заменить АБ 25 зоны/проверить ПС";"-";"не назначено";" 79031297899 Кирилл Леонидович ";"-";"55.656135";"37.744394"
"13.09.2024";"131573";"Москва, Родниковая улица, 9Ак6";"Румянцево";"ПВЗ Вайлдберриз ИП Золотова М. А";"ШС 18/19 Тревоги";"-";"не назначено";"-";"-";"55.6309563";"37.4024455"
"02.05.2024";"131611";"Ленинский р-н д.Дрожжино, Южная д.19 к.1";"Видное";"ПВЗ Озон ИП Максимрв С.В.";"заменить АБ 19 зоны";"-";"не назначено";"-";"-";"55.5205368";"37.5932457"
"29.05.2024";"131633";"Пятницкое шоссе 15 корпус 3";"Волоколамская";"ООО Продуктовый Рай";"заменить АБ 18 зоны";" ";"не назначено";"-";"-";"55.8414335";"37.3801364"
"13.09.2024";"131662";"Дедовск, улица Победы, 1";"Дедовск";"Аптека Планета Здоровья ООО Арсе";"АКБ прибора";"-";"не назначено";"-";"-";"55.8656126";"37.1181017"
"16.05.2024";"131666";"Балашиха г, Первомайская ул, дом № 14";"Балашиха";"Аптека Планета Здоровья";"заменить АКБ";"-";"не назначено";"-";"-";"55.8048049";"38.0178893"
"13.09.2024";"131676";"Наро-Фоминск, Московская улица";"Наро - Фоминск";"Аптечный Пункт ООО Неболейка";"Проблемы с 220 V + АКБ прибора";"-";"назначено";"Гагик 20.09.2024";"-";"55.3793726";"36.7584986"
"06.09.2024";"131679";"Москва, Мичуринский проспект, 21к6";"Раменки";"Ломбард Раменки ООО Авто Ломбард Эквивалент";"КТС не работает";"-";"назначено";"НОВГОРОДЦЕВ 09.09.2024";"-";"55.699517";"37.506086"
"10.06.2024";"131703";"2-я Черногрязская, д.10";"улица 1905 года";"Отель ИП Деревенская Р.В.";"заменить АКБ";" ";"назначено";"16.09.2024 Бевз";"-";"55.7665733";"37.6519313"
"27.02.2024";"131706";"Брянская область г Клинцы ул Октябрьская 5 уч 4 А";"Брянск ";"Пункт выдачи Все Инструменты ООО ВсеИнструменты ру";"ШС 17,21 неисправность ";"-";"не назначено";"-";"-";"52.77431199999999";"32.24246"
"10.06.2024";"131710";". Московский ул. Радужная 14 кор. 3 пом.5";"Московский";"КиБ";"заменить АКБ";"-";"не назначено";"-";"-";"55.5887068";"37.3728768"
"13.09.2024";"131714";"Троицк, Центральная улица, 2А";"Троицк";"Магазин Красное и Белое ООО Альфа - М";"АКБ прибора";"-";"не назначено";"-";"-";"55.4688396";"37.29753400000001"
"13.09.2024";"131715";"рабочий посёлок Киевский, 22А";"рп. Киевский";"Магазин Красное и Белое ООО Альфа - М";"ПС";"-";"не назначено";"-";"-";"55.430096";"36.865028"
"26.04.2024";"131727";"Крылатская 33 корп. 3";"Крылатская";"Аптека Планета здоровья ООО Аджента";"заменить АБ 20 зоны + АКБ прибора";"-";"не назначено";"-";"-";"55.769766";"37.407455"
"06.09.2024";"131728";"посёлок Коммунарка, улица Липовый Парк, 8к1";"Новомосковская (Коммунарка)";"Магазин овощей и фруктов Кокос ИП Ксендзова Е. С";"ПС";"-";"не назначено";"-";"-";"55.5694674";"37.487589"
"05.03.2024";"131765";"Ногинск ул Рогожская 65";"Ногинск";"Пункт выдачи Все Инструменты ООО ВсеИнструменты ру";"АБ ШС 21";"-";"не назначено";"9776788234";"-";"55.857254";"38.443041"
"13.09.2024";"131779";"Москва, Ломоносовский проспект, 25к3";"Университет";"Детский сад Сан Скул ИП Грохольская М. Н";"ПС";"-";"не назначено";"-";"-";"55.6927908";"37.5294002"
"13.05.2024";"131790";"Ступино п Малино ул Придорожная 20 А ";"Ступино";"Коттедж Сергеев Н.Н.";"заменить АКБ";"-";"не назначено";"-";"-";"54.8328589";"38.1608404"
"08.07.2024";"131822";"Тверская обл-ть, Беженецкий р-н, г. Бежецк, ул. Садовая 9";"Тверь";"ПВЗ Все Инструменты";"замена АБ";"-";"не назначено";"-";"-";"57.7828984";"36.6912153"
"13.09.2024";"131823";"Москва, Ленинградский проспект, 75к1";"Сокол";"Ломбард Сокол ООО Авто Ломбард Эквивалент";"АКБ прибора";"-";"не назначено";"-";"-";"55.805059";"37.5122287"
"13.09.2024";"131830";"Москва, Красноказарменная улица, 14Ак4";"Авиамоторная";"Магазин Красное и Белое ООО Альфа - М";"АКБ прибора";"-";"назначено";"Андрющенко 17.09.2024";"-";"55.7573749";"37.6992149"
"02.09.2024";"131837";"Тула, Китаевский проезд, 5";"Тула";"Склад ООО Орбита ОПТ";"НКС";"-";"не назначено";"-";"-";"54.1837258";"37.5630572"
"24.06.2024";"131850";"Московский, ул. Бианки 2 корп. 1 кв 139";"Московсский";"Квартира";"заменить АКБ";"-";"не назначено";"-";"-";"55.6031327";"37.3583481"
"02.05.2024";"131871";"Смоленск, Николаева д.74";"смоленск";"ТЦ Сфера";"заменить АБ 20 зоны";"-";"не назначено";"-";"-";"54.7682576";"32.0087138"
"27.05.2024";"131893";"Перекопская 34 к 3 ";"Зюзино ";"ООО Ломбард Аурум";"заменить АКБ";"-";"не назначено";"-";"-";"55.6633007";"37.5669566"
"03.05.2024";"131896";"Москва, улица Орджоникидзе, 11с1А";"-";"-";"НКС";"-";"не назначено";"-";"-";"55.7097004";"37.5970264"
"02.09.2024";"131915";"Москва, Бережковская набережная, 20с9";"Студенческая";"ПВЗ Яндекс Маркет ООО Яндекс";"НКС + АКБ прибора";"-";"не назначено";"-";"-";"55.732358";"37.5486712"
"07.05.2024";"131919";"г.Люберцы, Мира д.6";"-";"-";"НКС";"-";"не назначено";"-";"-";"55.6606537";"37.9101289"
"10.06.2024";"131950";"Дубининская 84";"Серпуховская ";"КиБ";"заменить АКБ";"-";"не назначено";"-";"-";"55.7177165";"37.6334668"
"06.09.2024";"131952";"Москва, Южнопортовая улица, 16";"Печатники";"Магазин Красное и Белое ООО Альфа - М";"АКБ прибора";"-";"не назначено";"-";"-";"55.707151";"37.6839289"
"02.05.2024";"131957";"Калуга,МюЖукова д.3";"калуга";"Аптека Вита Экспресс";"заменить АКБ";"-";"не назначено";"-";"-";"54.506025";"36.2516145"
"10.06.2024";"131959";"Орджоникидзе д.9 к.1";"Ленинский проспект";"КиБ ООО Альфа М";"заменить АКБ";" ";"не назначено";"-";"-";"55.7099297";"37.5984101"
"27.05.2024";"131960";"Туристская д.15";"Планерная ";"Магазин  КиБ ООО Альфа М";"проблемы со снятием";"Новгородцев 24.05.24";"не назначено";"-";"-";"55.8508132";"37.4215257"
"10.06.2024";"131962";"Олеко Дундича 19/15";"Филевский парк ";"КиБ";"заменить АКБ";"-";"не назначено";"-";"-";"55.7396579";"37.4892751"
"08.04.2024";"131963";"Довженко д.6";"Минская";"Магазин КиБ ООО Альфа М";"проверить провода ОС,ПС";"-";"не назначено";"-";"-";"55.7217255";"37.5136795"
"29.05.2024";"131964";"Научный проезд 14 А стр.1";"Калужская ";"КиБ";"постоянные потери связи";"-";"не назначено";"9267175906";"-";"55.6557961";"37.5553877"
"13.09.2024";"131981";"Щербинка, Садовая улица, 4";"Щербинка (D2)";"Магазин Красное и Белое ООО Альфа - М";"АКБ прибора";"-";"не назначено";"-";"-";"55.51459759999999";"37.5689892"
"14.06.2024";"132069";"п.Сосенское ул.А.Монаховой д.95 к.1";"Бутово";"КиБ ООО Альфа М";"заменить АКБ";" ";"не назначено";"-";"-";"55.542126";"37.490209"
"08.07.2024";"132087";"г. Москва, ул. Ставропольская 15";"Волжская";"Красное и Белое";"НКС";"-";"не назначено";"-";"-";"55.6810923";"37.7502175"
"08.07.2024";"132093";"г. Москва, пр-д Отрадный 3";"Отрадное";"Магазин Красное и Белое ООО Альфа - М";"Заменить КТС";"-";"не назначено";"-";"-";"55.854084";"37.6074978"
"13.09.2024";"132180";"Москва, Шипиловская улица, 54к2с3";"Шипиловская";"Ломбард Шипиловский ООО Авто Ломбард Эквивалент";"НКС + Проверить 220 V + АКБ прибора";"-";"не назначено";"-";"-";"55.62147969999999";"37.741297"
"02.09.2024";"132182";"Москва, Щёлковское шоссе, 75";"Щёлковская";"Магазин Хаус ООО РЕ Трэйдинг";"АКБ прибора";"-";"не назначено";"-";"-";"55.811098";"37.8001762"
"02.09.2024";"132258";"Саларьевская улица, 14к3";"Саларьево";"ООО МЦ ТИП ТОП на Киевском";"АКБ прибора";"-";"не назначено";"-";"-";"55.618857";"37.411131"
"13.09.2024";"132258";"Саларьевская улица, 14к3";"Саларьево";"ООО МЦ ТИП ТОП на Киевском";"АКБ прибора";"-";"не назначено";"-";"-";"55.61897630000001";"37.4111057"
"06.09.2024";"132264";"Москва, Профсоюзная улица, 104/47";"Беляево";"Магазин Ассортида ИП Кишмирян О. М";"ШС 17 Тампер + АБ ШС 20";"-";"не назначено";"-";"-";"55.6418817";"37.5236028"
"07.06.2024";"132274";"г.Подольск, мкр. Климовск, ул. Победы д.2/18";"Подольск";"Аптека Планета Здоровья ООО Азон";"заменить АКБ";"-";"не назначено";"-";"-";"55.359324";"37.5206949"
"13.05.2024";"132275";"Раменское, Крымская улица, 11";"Раменки";"ООО ""Планета Здоровья Холдинг"" ";"заменить АКБ";"-";"не назначено";"-";"-";"55.57188";"38.25672"
"13.09.2024";"132319";"рабочий посёлок Малаховка, Быковское шоссе, 88/2";"Малаховка (Красково D3)";"Магазин Мильстрим ООО Вино Розница";"АКБ прибора";"-";"не назначено";"-";"-";"55.630848";"37.979135"
"13.09.2024";"132369";"Московский, улица Бианки, 9";"пос. Московский";"Аптека Планета Здоровья ООО Планета Здоровья Холдинг";"Потери связи + Проверить АКБ прибора + Проверить 220 V";"-";"не назначено";"-";"-";"55.603128";"37.365161"
"13.05.2024";"132370";"г. Красногорск, Красногорский б-р., 9, пом. Х ";"Красногорск";"ООО ""Планета Здоровья Холдинг""";"заменить АКБ";"-";"не назначено";"-";"-";"55.8160844";"37.3650673"
"08.07.2024";"132407";"г. Москва, пос. Сосенское, б-р Веласкеса 7к3";"Прокшино";"Салон красоты КОСТА ИП Лушкина М. А";"НКС";"02.09.2024 Трубин";"назначено";"-";"-";"55.593568";"37.46052"
"10.06.2024";"132457";"Бибиревская 10 к 2";"Бибирево ";"Все Инструменты";"НКС";"-";"не назначено";"-";"-";"55.8815313";"37.6025787"
"13.09.2024";"132465";"Долгопрудный, бульвар Космонавта Сереброва А.А.";"Долгопрудный";"-";"-";"-";"не назначено";"-";"-";"55.9344338";"37.5010804"
"02.09.2024";"132508";"Москва, Даев переулок, 2с2";"Сухаревская";"Салоны красоты ООО Бьянка Люкс";"ШС 19 Тампер + Ложные тревоги";"-";"не назначено";"-";"-";"55.7703043";"37.6342624"
"24.05.2024";"132538";"Бескудниковский бульвар 40 кор.2";"Яхромская";"Ассортида";"тревоги тампера 17 зоны";"-";"не назначено";"-";"-";"55.8740643";"37.5502626"
"07.09.2024";"132549";"Тверь, проезд Стеклопластик, 3";"Тверь";"Яндекс Маркет";"НКС";"-";"не назначено";"-";"-";"56.894256";"35.842235"
"25.03.2024";"132558";"г.Щербинка, ул. Железнодорожная 15 стр.3";"Щербинка";"Дом Причта МРО Православ. приход";"АБ ШС 24/32";"-";"не назначено";"-";"-";"55.5097423";"37.5636088"
"07.06.2024";"132579";"Александры Монаховой 88/3";"Комунарка ";"Аптека Планета Здоровья ООО Альфа";"заменить АКБ";"-";"не назначено";"-";"-";"55.543954";"37.48428"
"24.05.2024";"132655";"6-я Радиальная д. 7 стр. 43.";"Царицино";"АВОСЬКА";"долбит тревога по 2 зоне/востановить";" ";"не назначено";"79169063260";"-";"55.6040593";"37.6807243"
"13.09.2024";"132665";"Москва, улица Грина, 28";"Бульвар Дмитрия Донского";"Ломбард Грина ООО Авто Ломбард Эквивалент";"Не работает КТС брелок";"-";"не назначено";"-";"-";"55.567732";"37.5708198"
"08.07.2024";"132747";"МО г. Солнечногорск, дер. Голубое, ул. Трёхсвятская 6";"Солнечногорск";"Аптека Планета Здоровья ООО МЕРИДИАН";"АКБ прибора";"-";"не назначено";"-";"-";"55.9753802";"37.0989257"
"08.07.2024";"132751";"п. Сосенское, ул.Василия Ощепкова, дом 3, 2 подъезд 12 этаж квартира 78";"Сосенское";"Квартира";"заменить АКБ + НКС";"-";"не назначено";"-";"-";"55.5550287";"37.4644355"
"20.05.2024";"132769";"п.Внуковское Анны Ахматовой 20";"Внуково";"-";"НКС";"-";"не назначено";"-";"-";"55.60109869999999";"37.2664556"
"06.09.2024";"132777";"Раменское, улица Космонавтов, 5А";"Раменское (Есенинская (D3)";"Аптека Планета Здоровья ООО Реон";"АКБ прибора";"-";"не назначено";"-";"-";"55.58658";"38.202707"
"12.07.2024";"132778";"г. Рязань, ул. Новосёлов 45к1";"Рязань";"ПВЗ Все Инструменты";"АБ ШС 18/22 + Ложняки 18/24";"-";"не назначено";"-";"-";"54.603337";"39.822168"
"23.04.2024";"132785";"ул Подольских Курсантов 34 с 2 офис 219";"Пражская ";"Офис";"заменить АКБ";"-";"не назначено";"-";"-";"55.587597";"37.633331"
"08.05.2024";"132790";"г.Пушкино, пр Московский д.21";"Пушкино";"Аптека Планета ООО Здоровье";"прибор пахнет гарью";"-";"не назначено";"-";"-";"56.0097251";"37.8521166"
"13.09.2024";"132824";"Москва, улица Авиаконструктора Миля, 8к1";"Жулебино";"Гастроном ИП Кашитский Р. И";"ШС 18 Тампер";"-";"назначено";"Бевз 16.09.2024";"-";"55.6845262";"37.8533973"
"09.07.2024";"132853";"Владимирская област, г. Кольчугино, ул. Добровольского 2Б";"Кольчугино";"ПВЗ Все Инструменты";"АБ ШС 19 + АКБ прибора";"-";"не назначено";"-";"-";"56.3016723";"39.3768048"
"02.05.2024";"132856";"Киржач, Б.Московвская д.21";"киржач";"Все Инструменты";"заменить АКБ";"-";"не назначено";"-";"-";"56.1533591";"38.8529042"
"07.09.2024";"132882";"Тверь, Оснабрюкская улица, 38А";"Тверь";"Все Инструменты";"проблемы с постановкой, потери зоны 18";"-";"не назначено";"89038082813";"-";"56.8211023";"35.8739508"
"02.09.2024";"132912";"Москва, Новопеределкинская улица, 16к1";"Боровское шоссе";"Аптека Планета Здоровья ООО Парацельс";"АКБ прибора";"-";"не назначено";"-";"-";"55.6431764";"37.3652329"
"23.05.2024";"132921";"село Новосёлки, вл19с5";"-";"Склад ООО ПЭК";"НКС";"-";"не назначено";"-";"-";"55.13443789999999";"37.547721"
"28.05.2024";"132939";"Мо Лыткарино, Парковая 2 ТЦ Весна";"Лыткарино";"Магазини Ксимоми ООО Эльбрус";"заменить АКБ";"-";"не назначено";"-";"-";"55.5819842";"37.9123151"
"02.05.2024";"132969";"Тула, пр-т Ленина 145";"тула";"Все Инструменты";"заменить АБ 22";"-";"не назначено";"-";"-";"54.149092";"37.584131"
"03.05.2024";"132987";"Москва ул Профсоюзная 15";"Новые Черемушки ";"Пекарня Хлебница ИП Попаз С С";"проверить АБ 23 зоны";"-";"не назначено";"-";"-";"55.6790647";"37.5653648"
"07.06.2024";"133014";"обл, Одинцовский р-н, Одинцово г, ул. Липовой рощи, д.2, к.3, пом. 4";"Одинцово";"ООО «Восход»/Пекарня Буханка";"сработки ПС";"-";"не назначено";"-";"-";"55.798196";"37.376357"
"22.03.2024";"133017";"г Петушки ул 3 Интернационала 4";"Петушки";"Пункт выдачи Все Инструменты ООО ВсеИнструменты ру";"ШС 31/37 неисправность ";"-";"не назначено";"-";"-";"55.9364927";"39.4549809"
"23.04.2024";"133052";"Бутырская д.9 к.2";"Савеловская ";"Ломбард Золотое руно";"заменить АКБ";"-";"не назначено";"-";"-";"55.7948988";"37.5837716"
"08.07.2024";"133055";"г. Москва, ул. Малая Грузинская 38";"Баррикадная";"Кафе Вайтфокс ИП Иванов С. Е";"-";"-";"не назначено";"-";"-";"55.7679212";"37.572971"
"14.05.2024";"133116";"Братеевская д.10к1";"Алма Атинская ";"Мос гор ломбард";"заменить АКБ";"-";"не назначено";"-";"-";"55.6326907";"37.76067219999999"
"20.06.2024";"133118";"г.Балашиха,  Ситникова д.2пом.22";"Балашиха";"Аптека ООО Аптекарьский дом";"заменить АБ в клаве";"-";"назначено";"Ковалёв 12.09.2024";"-";"55.788859";"37.879207"
"20.05.2024";"133121";"Боровское ш 2 к.4";"Одинцово";"Магазин Алкотка ООО Горизонт М";"заменить АКБ";"-";"не назначено";"-";"-";"55.6618402";"37.4213623"
"07.06.2024";"133123";"Балашиха мкр. Спасский б*р Спасский 1";"Балашиха";"Апетак Планета Здоровья ООО Планета Здоровья";"заменить АКБ";"-";"не назначено";"-";"-";"55.5528518";"37.6447852"
"15.05.2024";"133124";" Подольск г, Кузнечики п, Флотский пр-д, дом 3 ";"Подольск";"ИП Карпенок Л.М./Магазин Продуктов";"заменить АКБ";"-";"назначено";"Андрющенко 06.09.2024";"-";"55.41664129999999";"37.4754835"
"07.06.2024";"133135";"г. Коломна, Щуровская 13 А";"Коломна";"Магазин Мильстрим ООО Мильстрим";"заменить АКБ";"-";"не назначено";"-";"-";"55.0605";"38.85319"
"13.05.2024";"133144";"п. Коммунарка, ул. Липовый парк, 7";"Новомосковская (Коммунарка) ";"Кафе ""Термос"" (ИП Крафт Ю.Н.),";"заменить АКБ";"-";"не назначено";"-";"-";"55.5687544";"37.4907804"
"05.04.2024";"133153";"г.Одинцово, с.Ромашково б-р Европейский д.6 а.4";"Одинцово (Немчиновка (D3)";"Бар Паб Точка ООО Точка";"АБ ШС 18 + проверить АКБ прибора + ШС 17 в тревоге";"-";"не назначено";"-";"-";"55.72733359999999";"37.341907"
"03.06.2024";"133159";"п.Сосенское Малое понизовье, 10 6 подъезд кв 296";"-";"Квартира";"заменить АБ 18 зоны";"-";"не назначено";"-";"-";"55.601305";"37.411346"
"10.06.2024";"133178";"Дубна, ул. Боголюбова, дом 15, ТЦ ""Арка""";"Дубна";"Магазин ""Выгодный Комиссионный""";"заменить АКБ";"-";"не назначено";"-";"-";"56.7371379";"37.165489"
"27.05.2024";"133194";"Электросталь, улица Карла Маркса, 19А";"Электросталь";"Все инстурменты";"заменить АБ";"-";"не назначено";"-";"-";"55.7973244";"38.4643304"
"13.09.2024";"133195";"Москва, улица Академика Янгеля, 3к2";"Улица Академика Янгеля";"Барбершоп Чёрная кость Васильева Т. В";"Частые отключения 220 V + АКБ контрольной панели + Потери связи ШС 22";"-";"не назначено";"-";"-";"55.5944642";"37.5964634"
"06.06.2024";"133200";"г Балашиха Шоссе Энтузиастов 80";"Балашиха ";"Пункт выдачи Все Инструменты ООО ВсеИнструменты ру";"тревоги по 19 зоне";" ";"не назначено";"-";"-";"55.7981";"37.986475"
"12.07.2024";"133235";"МО г. Дубна, ул. Кирова 2";"Дубна";"ПВЗ Все Инструменты";"ШС 20 тампер (на всякий случай взять СН-ИК)";"-";"не назначено";"-";"-";"56.7621144";"37.1440579"
"30.05.2024";"133236";"г. Котельники, пр-д Угрешский 2 А";"Котельники ";"ПВЗ  Все Инструменты";"заменить АКБ";"-";"не назначено";"-";"-";"55.640431";"37.845592"
"10.06.2024";"133255";"Южнопортовая 21 к 7";"Печатники ";"ООО ПК ВТОРАЛЮМИНПРОДУКТ";"заменить АКБ";"-";"не назначено";"-";"-";"55.7009077";"37.7081851"
"09.07.2024";"133267";"Владимирская област, г. Юрьев Польский, ул. Луговая 19А";"Юрьев Польский";"ПВЗ Все Инструменты";"АБ ШС 21 + АКБ прибора";"-";"не назначено";"-";"-";"56.4991347";"39.6874028"
"13.09.2024";"133290";"Москва, шоссе Энтузиастов, 22/18";"Авиамоторная";"Ломбард Авиамоторный ООО Ломбард Платинум";"АКБ прибора";"-";"назначено";"Андрющенко 17.09.2024";"-";"55.7506306";"37.71732590000001"
"10.06.2024";"133310";"Мытищи г, Юбилейная ул, дом 10";"Мытищи";"ООО ""Планета Здоровья Холдинг""";"заменить АКБ";"-";"назначено";"Ковалёв 12.09.2024";"-";"55.913096";"37.715246"
"10.06.2024";"133312";"Москва, улица Зои и Александра Космодемьянских, 31к3";"Войковская ";"ГО и ЧС";"заменить АБ 20 зоны/востановить";"-";"не назначено";"-";"-";"55.8251213";"37.5218092"
"23.04.2024";"133314";" Коломна с Черкизово ул Советская 3 ";"Коломна";"Склад";"заменить АКБ";"-";"не назначено";"-";"-";"55.0568937";"38.8550065"
"20.05.2024";"133317";"г Пушкино ул Вокзальная 1с4";"Пушкино";"Мос табак";"заменить АКБ";"-";"не назначено";"-";"-";"55.965278";"37.9058909"
"08.07.2024";"133338";"МО г. Ивантеевка, ул. Заводская 12А";"Ивантеевка";"Аптека Формат ООО Биоритм";"НКС + АКБ прибора";"-";"не назначено";"-";"-";"55.9717631";"37.8959349"
"26.04.2024";"133344";"олнечногорский р-н, Брехово д, домовладение 83";"Солнечногорск";"Все Инструменты";"заменить АКБ";"-";"не назначено";"-";"-";"55.9293549";"37.1933801"
"13.09.2024";"133380";"Лобня, улица Колычева, 5";"Лобня";"ПВЗ Озон ИП Федяев С. А";"АКБ прибора";"-";"не назначено";"-";"-";"56.0124425";"37.4512053"
"02.09.2024";"133388";"Подольск, улица Свердлова, 29";"Подольск";"ПВЗ Все Инструменты";"НКС + АКБ прибора + проверить 220 V";"-";"не назначено";"-";"-";"55.420937";"37.536523"
"13.06.2024";"133408";"Мосфильмовская д.53";"Ломоносовский проспект";"Кафе Сад ООО ВООДОО";"заменить АКБ";"-";"не назначено";"-";"-";"55.704823";"37.497495"
"17.06.2024";"133412";"МО го Пушкинский г Ивантеевка проспект Советский 24";"Пушкино";"Кафе пекарня Булочка ИП Тихонов Р В";"заменить АКБ";"-";"не назначено";"-";"-";"55.9666595";"37.9079714"
"02.05.2024";"133422";"Профсоюзная 146 корпус 1";"Теплый Стан";"Ломбард";"проверить АБ 17 зоны, заменить АКБ";"-";"не назначено";"-";"-";"55.6234614";"37.5063147"
"02.09.2024";"133427";"г.Электросталь проспект Ленина д. 3 Б";"Электросталь";"Магазин одежды смешные цены";"АБ ШС 17/20 + Ложные тревоги (частые) ШС 18/19/21";"-";"не назначено";"-";"-";"55.8063854";"38.436936"
"03.06.2024";"133461";"г.Ногинск, Соборная д.12 ТЦ Острова";"Ногинск";"Магазин Синсэ ООО РЕ Трэйдинг";"проверить КТС";"-";"не назначено";"-";"-";"55.8532848";"38.4419756"
"02.09.2024";"133469";"Москва, Широкая улица, 16А";"Медведково";"Пекарня Хлебница ИП Казакова М.М";"НКС";"-";"не назначено";"-";"-";"55.8873349";"37.6623728"
"13.09.2024";"133513";"Москва, Звёздный бульвар, 40";"Алексеевская";"Магазин Байк Центр ИП Воробьёва И. А";"НКС + АКБ прибора";"-";"назначено";"Канаев 17.09.2024";"-";"55.8133502";"37.6235148"
"13.05.2024";"133528";"Раменское, Крымская улица, 7";"Раменки";" ООО ""Здравник""/Аптека Планета Здоровья";"заменить АКБ";"-";"не назначено";"-";"-";"55.5737212";"38.2611347"
"27.05.2024";"133529";"г.Фрязино, Полевая д.1 кв.53";"Фрязино";"Аптека Планета Здоровья";"заменить АКБ";"-";"не назначено";"-";"-";"55.9513376";"38.0535749"
"03.06.2024";"133536";"г. Котельники мкр. Силикат., дом 6А";"Котельники ";"ООО ""Лето"" /Аптека Планета Здоровья";"заменить АКБ";"-";"не назначено";"-";"-";"55.649332";"37.859013"
"07.05.2024";"133567";"г.Люберцы, Карла Либкнехта д.8А стр.1";"Люберцы";"Мос Табак";"заменить АКБ";"-";"не назначено";"-";"-";"55.69823969999999";"37.8646392"
"08.07.2024";"133569";"г. Москва, б-р Дмитрия Донского 11";"Бульвар Дмитрия Донского";"Пекарня Хлебница ИП Гоц И. Р";"АКБ прибора";"-";"назначено";"-";"-";"55.5668275";"37.5763484"
"20.05.2024";"133570";"г.Видное, Радужная д.2";"Видное";"Пеарня Хлебница ИП Пиражкова Ю.С.";"заменить АКБ";"-";"не назначено";"-";"-";"55.5514908";"37.7064443"
"13.09.2024";"133575";"Саларьевская улица, 16к3";"Саларьево";"Стоматология доктора Малькова ООО Аполлинария";"АКБ прибора";"-";"не назначено";"-";"-";"55.6172677";"37.407175"
"23.04.2024";"133583";"МО Люберцы ул 8 марта 18 к 1";"Люберцы";"мед лаборатория";"заменитьт АКБ";"-";"не назначено";"-";"-";"55.7022533";"37.8859804"
"07.06.2024";"133590";"Люберцы, мкр. Городок А ул. 3 Почтовое Отделение 6";"Люберцы";"ПВЗ  Вайлдберис";"заменить АКБ";"-";"не назначено";"-";"-";"55.6788135";"37.8803356"
"13.05.2024";"133638";"Новый Арбат, д.11, стр.1";"Арбат ";" ООО Максима-Групп, м-н Familia";"заменить АКБ";"-";"не назначено";"-";"-";"55.7520168";"37.5961211"
"17.06.2024";"133639";"ул. Поречная, д. 10 ";"Братиславская";"ООО Максима-Групп, м-н Familia";"НКС";" ";"не назначено";"-";"-";"55.6498778";"37.7700682"
"27.05.2024";"133643";"Мариупольская ул, дом 4";"Люблино";"УЧЕБНО-МЕТОДИЧЕСКИЙ ЦЕНТР ПО ГРАЖДАНСКОЙ ОБОРОНЕ И ЧРЕЗВЫЧАЙНЫМ СИТУАЦИЯМ ГОРОДА МОСКВЫ";"заменить АКБ";"-";"не назначено";"-";"-";"55.674436";"37.7417235"
"02.09.2024";"133673";"рабочий посёлок Малаховка, Быковское шоссе, 48";"пгт. Малаховка";"ПВЗ Все Инструменты";"НКС";"-";"не назначено";"-";"-";"55.625293";"38.011879"
"17.05.2024";"133679";"Балашиха, мкр.Железнодорожный ул. Поликахина 1";"Балашиха";"Аптека Планета Здоровья ООО Дион";"заменить АКБ";"-";"не назначено";"-";"-";"55.73991520000001";"38.0008004"
"10.06.2024";"133687";"бульвар адмирала Ушакова, д. 8";"улица Скобелевская ";"Ломбард Платинум""";"заменить АКБ";"-";"не назначено";"-";"-";"55.5481665";"37.5514956"
"02.09.2024";"133708";"улица Бориса Пастернака, 17";"Рассказовка";"Вкусно Хаус";"Потери датчиков";"-";"не назначено";"-";"-";"55.6383103";"37.3256328"
"14.06.2024";"133766";"проезд Ферганский, д. 7, к. 2, кв. 74";"Юговосточная ";"Крюкова Т.В. (квартира)";"заменить АБ  17 зоны";"-";"не назначено";"-";"-";"55.6945121";"37.8219691"
"02.09.2024";"133782";"Москва, Нагатинская улица, 25";"Коломенская";"ПВЗ Вайлдберрис ИП Сухов Е.В";"Повторные и ложные сработки ШС 17/18";"-";"не назначено";"-";"-";"55.6785857";"37.6518933"
"08.09.2024";"133789";"Зеленоград, площадь Юности 2с1";"Зеленоград (Зеленоград - Крюково D3)";"«Хлебница»";"Частые отключения 220 V + АКБ контрольной панели";"-";"не назначено";"прошло востановление";"-";"56.0021903";"37.2105829"
"08.07.2024";"133877";"МО г. Долгопрудный, шоссе Московское 37Б";"Долгопрудный";"Пекарня Хлебница ИП Кольцов Д.А";"АКБ прибора";"-";"не назначено";"-";"-";"55.9391587";"37.518543"
"22.03.2024";"133884";"Москва ул Велозаводская 3/2";"Дубровка";"Кофейня Дрозд кофе ИП Дроздовская Э М";"ШС 17 Тампер";"-";"не назначено";"-";"-";"55.7172372";"37.6645622"
"08.07.2024";"133892";"г. Москва, пос. Сосенское, ул. Александры Монаховой 92 корп. 3";"Бунинская аллея";"Магазин Стройматериалы ИП Степанян Г. М";"АКБ прибора";"-";"не назначено";"-";"-";"55.542681";"37.485116"
"30.05.2024";"133934";"пос. Битца, Парковая д.3";"-";"Магазин Фасоль ИП Джан Али Е.С.";"заменить АКБ";"-";"не назначено";"-";"-";"55.5720696";"37.6186579"
"12.07.2024";"133943";"г. Москва, ул. Бутырская 9к1";"Савёловская";"Медицинский центр Инвитро ООО Виктория";"АКБ прибора";"-";"не назначено";"-";"-";"55.795112";"37.5830898"
"24.06.2024";"133949";"г Видное ул имени Героя Советского Союза Виктора Никитовича Фокина 8";"Видное";"Магазин цветов ЗАЙЧИХА";"тревоги по 20 зоне";" ";"не назначено";"-";"-";"55.537964";"37.721229"
"08.09.2024";"133993";"Истра,  Московская 56 ";"Истра";"ИСТ Магазин электрики ПлюсЭлектро";"Постоянные потери связи + АКБ контрольной панели";"-";"не назначено";"-";"-";"55.9056069";"36.8888732"
"24.06.2024";"134019";"г.мытищи, Коммунистическая 1  ТЦ XL";"Мытищи";"Магазни СИН ООО РЕ Трейдинг";"првоерить КТС";"-";"не назначено";"-";"-";"55.8927605";"37.7459685"
"03.09.2024";"134024";"Москва, проспект Мира, 167";"Ростокино";"Кафе Фуд холл Оптимист ООО Сахар";"КТС не прошла";"-";"не назначено";"-";"-";"55.83647";"37.655337"
"02.09.2024";"134032";"Москва, Мичуринский проспект, 21к1";"Раменки";"ПВЗ Озон ООО Небо";"Частые переустановки прибора + АКБ прибора";"-";"не назначено";"-";"-";"55.699347";"37.50373"
"27.05.2024";"134040";"Красногорский район  п Отрадное ул Кленовая 2 ";"Пятницкое шоссе ";"Семейный клуб Кто то город ИП Самарина Э А";"проверить заменить АКБ";"-";"не назначено";"-";"-";"55.868723";"37.32385"
"02.09.2024";"134061";"Подольск, Симферопольская улица, 51с1";"Подольск";"Магазин Табака ИП Тушнева О. М";"ШС 18 тампер, батарея";"-";"назначено";"Даниелян 10.09.2024";"-";"55.3581504";"37.5317484"
"06.09.2024";"134066";"Москва, Полярная улица, 27к2";"Свиблово";"Пекарня Буханка ООО Восход";"ПС";"-";"не назначено";"-";"-";"55.8823532";"37.63665450000001"
"13.09.2024";"134109";"Москва, улица Багрицкого, 18к2";"Кунцевская";"Магазин без Повода ИП Крысюк Д. Ю";"АКБ прибора";"-";"назначено";"Андрющенко 25.09.2024";"-";"55.719044";"37.436598"
"13.09.2024";"134116";"Лобня, Первая улица, 5";"Лобня";"Банкетный зал Зайтун ИП Головин В. А";"АКБ прибора";"-";"не назначено";"-";"-";"56.0061859";"37.4852324"
"24.06.2024";"134135";"Ярцевская 25А ";"Молодежная ";"Пекарня Хлебница ИП Жигулин Д.И.";"заменить АКБ";"-";"назначено";"Андрющенко 25.09.2024";"-";"55.7410405";"37.4155077"
"29.03.2024";"134162";"Люблинская д.76 к.4";"Братиславская";"Пекарня Буханка ООО Восход";"заменить б/п объект ПС";"-";"не назначено";"-";"-";"55.6675209";"37.7386621"
"09.09.2024";"134184";"Москва, Дубнинская улица, 12к2";"Селигерская ";"Гастроном Фермер ИП Хмеленко О.А";"Самопроизвольно ШС №8";"-";"назначено";"канаев 10.09.2024";"-";"55.8645973";"37.5701452"
"15.03.2024";"134217";" МО, г. Домодедово, мкрн. Северный, ул. Гагарина, 45";"Домодедово";"Магазин Табак Вейп ";"Тампер 17 ";"-";"не назначено";"-";"-";"55.4506351";"37.7429115"
"13.09.2024";"134217";"Домодедово, улица Гагарина, 45";"Домодедово";"Магазин Табак ИП Аболмасова Ю. С";"НКС + ШС 17 Тампер + АКБ прибора + Промблем";"-";"назначено";"Терехов 13.09.2024";"-";"55.4506351";"37.7429115"
"18.06.2024";"134218";"Коломна, Кирова д.23А";"Коломна";"Аптека ФармЛенд ООО Аптека Экономия";"не проходит КТС";"19.09.2024 Ковалев";"назначено";"-";"-";"55.0654512";"38.7568768"
"07.05.2024";"134220";"Бирюлевская 7к1 ";"Царицыно ";"Магазин Овощи Фрукты Сухофрукты";"НКС";"-";"не назначено";"-";"-";"55.5989271";"37.66495889999999"
"13.09.2024";"134288";"посёлок Коммунарка, улица Александры Монаховой, 96к2";"Бунинская аллея";"Кафе Место ИП Тюрин Д. А";"Проблемы с прибором. На всякий случай взять ППКОП и СН - РАДИОП";"-";"не назначено";"-";"-";"55.5414839";"37.4864154"
"13.09.2024";"134301";"посёлок Зелёный, 51А";"пос. Зелёный";"Хостел ИП Расхожев И. В";"Частые переустановки прибора + Отключения 220 V";"-";"не назначено";"-";"-";"55.81189329999999";"38.0887559"
"13.09.2024";"134304";"Москва, Ленинский проспект, 95";"Новаторская";"Гастроном ООО Вкусный Дом";"Потери связи + АБ ШС 19 + ШС 23 Тампер ";"-";"не назначено";"-";"-";"55.67323829999999";"37.52580880000001"
"20.05.2024";"134323";"рп. Лопатино Сухановская д.1 стр.1";"-";"Ломбард ООО Ломбард  Рубин";"заменить АКБ";"-";"не назначено";"-";"-";"55.5360235";"37.6388956"
"13.09.2024";"134327";"Москва, Тверская улица, 9с5";"Охотный Ряд";"Отель Шато Волго ООО Тверская 9";"Частые отключения 220 V + АКБ контрольной панели";"-";"не назначено";"-";"-";"55.759709";"37.610703"
"08.07.2024";"134328";"г. Москва, ул. Никулинская 21 эт. 2";"Озёрная";"ИзиГейм Компьютерный клуб ИП Алимбекова В. Р";"НКС + АКБ прибора";"-";"не назначено";"-";"-";"55.6689273";"37.4535843"
"08.07.2024";"134354";"г. Москва, ул. 26-ти Бакинских Комиссаров 12к2";"Юго - Западная";"Магазин Пятёрочка ООО Трейд Проперти";"Проблемы с постановкой на охрану";"-";"не назначено";"-";"-";"55.6603537";"37.4885137"
"02.09.2024";"134425";"Москва, Научный проезд, 10";"Калужская";"Цех пиццерии 2 Берега ООО ОП Топаз";"НКС";"-";"не назначено";"-";"-";"55.6566009";"37.5534245"
"23.04.2024";"134426";"МО ., Ленинский район, поселок Развилка , Римский проезд д . 5";"Видное";" Ип Оганезов Сурен Самвелович Ресторан суши Ёбидоёби";"потеря  АБ 17,21 зон";"-";"не назначено";"-";"-";"55.5962865";"37.7669899"
"02.09.2024";"134435";"Ярославль, улица Победы, 41";"Ярославль";"Магазин Групп ГР 6512092 ООО РЕ Трэйдинг";"НКС";"-";"не назначено";"-";"-";"57.627753";"39.871153"
"13.09.2024";"134492";"Москва, Бескудниковский бульвар, 13";"Верхние Лихоборы";"Кофейня ПЗ Коффее ИП Евтухова Е. С";"ПС + АКБ прибора";"-";"не назначено";"-";"-";"55.8634691";"37.5594419"
"21.06.2024";"134551";"пос. ВНИИССОК Можайское ш.28 й км 1 А";"Одинцово";"Кафе вьетнамской кухни ИП Чайков С.В.";"откл 220В, НКС";"-";"не назначено";"-";"-";"55.718335";"37.415006"
"06.09.2024";"134599";"Москва, проспект Мира, 116";"Алексеевская";"Пекарня ИП Исаев А. Ю";"АКБ прибора";"-";"назначено";"БЕВЗ 10.09.2024";"-";"55.808954";"37.637968"
"13.09.2024";"134611";"Москва, Нагатинский бульвар, 6";"Коломенская";"ПВЗ Вайлдберрис ИП Алёхина О. И";"ШС 17/18 Тампер";"-";"не назначено";"-";"-";"55.682809";"37.652319"
"15.05.2024";"134630";"Красногорск г, Видная ул, дом 6";"Красногорск";" Пекарня Буханк";"НКС";"-";"не назначено";"-";"-";"55.8410492";"37.3472369"
"02.09.2024";"134699";"3-я Нововатутинская улица, 2";"Фоминское";"Офис ИП Опейкина И. А";"АКБ прибора";"-";"не назначено";"-";"-";"55.516812";"37.3520512"
"02.09.2024";"134727";"Москва, Краснопрудная улица, 28";"Красносельская";"Департамент ГОЧС и ПБ г. Москвы (главный вход)";"НКС";"-";"не назначено";"-";"-";"55.7793865";"37.6676819"
"02.09.2024";"134754";"Жуковский, улица Лацкова, 12";"Жуковский";"Цех пиццерии 2 Берега ООО ОП Топаз";"НКС";"-";"не назначено";"-";"-";"55.606324";"38.0744417"
"13.09.2024";"134764";"Москва, улица Трофимова, 21к1";"Кожуховская";"Прокат Инструмента ИП Марченко М. А";"Потери связи постоянные + Проблемы с 220 V + Проверить АКБ прибора";"-";"не назначено";"-";"-";"55.70292629999999";"37.676837"
"13.09.2024";"134789";"посёлок Коммунарка, улица Липовый Парк, 7";"Новомосковская";"Магазин Пиво и Рыба ИП Зайцев В. И";"НКС + Отключение 220 V";"-";"не назначено";"-";"-";"55.5687544";"37.4907804"
"20.05.2024";"134805";"32 км Автодорога М4 Дон стр 1";"М4 Дон";"Производственное помещение";"заменить АКБ";"-";"не назначено";"-";"-";"55.2872375";"37.8558631"
"02.09.2024";"134824";"Подольск, Симферопольская улица, 37";"Подольск";"ПВЗ Все Инструменты";"НКС";"-";"не назначено";"-";"-";"55.370191";"37.532987"
"08.04.2024";"134831";"Ключевая д.16/29";"Алма - Атинская";"Кладовка Складно ИП Львов Е.А.";"Потери связи постоянные";"-";"не назначено";"-";"-";"55.6344476";"37.7602897"
"02.09.2024";"134845";"Москва, Ленинский проспект, 131";"Тропарёво";"Нотариальная контора Серова М. В";"НКС + Потери связи";"-";"не назначено";"-";"-";"55.644145";"37.473492"
"20.05.2024";"134864";"Ботаническая, д. 33В, с. 1, пом. 6";"Окружная ";"Стоматология";"тревоги по 21 зоне";"-";"не назначено";"-";"-";"55.8402029";"37.5825886"
"17.06.2024";"134888";"Москва, Совхозная улица, 20";"-";"Аптека Фармленд ООО Ромашки";"НКС";"-";"не назначено";"-";"-";"55.6807105";"37.7644932"
"02.09.2024";"134889";"рабочий посёлок Дрожжино, Новое шоссе, 13";"пгт. Дрожжино";"Офис СМД Медицинские анализы ООО Группа Здоровья";"ШС 20 Тампер";"-";"не назначено";"-";"-";"55.526949";"37.59065"
"02.09.2024";"134901";"Москва, Ленская улица, 15с16";"Бабушкинская";"Диспетчерский пункт ГБУЗ ГКБ им. А. К. Ерамишанцева ДЗМ, ООО ЧОП ""Радуга""";"НКС";"-";"не назначено";"-";"-";"55.8657697";"37.6649506"
"06.06.2024";"134907";"пр-т Мира д.79";"Рижская";"офисное помещение  ИП Козлов А.В.";"не проходит КТС";"-";"не назначено";"-";"-";"55.790975";"37.634182"
"17.06.2024";"134920";"Академика Виноградова 1";"Теплый Стан ";"Кафе Виноград ИП РАдик Г.В.";"НКС";"-";"назначено";"-";"-";"55.6319316";"37.4831609"
"13.09.2024";"134928";"Москва, проспект Вернадского, 14А";"Проспект Вернадского";"Магазин табачных изделий МосТабак ИП Пакин В. В";"Частые переустановки прибора + Проверить 220 V";"-";"не назначено";"-";"-";"55.677848";"37.507216"
"04.04.2024";"134945";"Оенинский р п. Дрожжино, Южная д.9 к.2";"Щербинка";"Салон Красоты СВ ТП Казначеева С.Б.";"АБ ШС 19 (отключен)";"-";"не назначено";"-";"-";"55.5205493";"37.5895897"
"04.09.2024";"134952";"посёлок Петровское, 133";"пос. Петровское";"Храм Александра Невского";"Потеря связи ШС 17";"-";"не назначено";"-";"-";"55.5403706";"37.66234550000001"
"07.06.2024";"134996";"г.Щелково, Институская вл.5";"Щелково";"Павильон Табак ИП Крылов Р.П.";"заменить АКБ";"-";"не назначено";"-";"-";"55.903509";"38.053291"
"08.09.2024";"135052";"Москва поселение Мосрентген деревня Мамыри 12 строение 10";"Тютчевская";"Офис внутри сортировочного центра ООО Яндекс";"Постоянные потери связи + АКБ контрольной панели";"-";"не назначено";"-";"-";"55.601612";"37.48182"
"02.05.2024";"135068";"Калуга, Болдинва д.87 к.4";"калуга";"Все Инструменты";"заменить АБ 21 зоны";"-";"не назначено";"-";"-";"54.501634";"36.30914"
"08.07.2024";"135073";"МО г. Лобня, ул. Горки Киовские 84";"Лобня";"Офис ИП Лабутин С. В";"АКБ прибора";"-";"не назначено";"-";"-";"56.038796";"37.441215"
"02.05.2024";"135080";"г.Химки, Молодежная д.42";"Химки";"Гараж № 20";"НКС";"-";"не назначено";"-";"-";"55.88893419999999";"37.4051398"
"13.09.2024";"135090";"Изумрудный квартал 10";"Балашиха";"Магазин Фасоль ИП Попова Е. В";"АКБ прибора";"-";"не назначено";"-";"-";"55.821593";"37.889196"
"06.09.2024";"135139";"деревня Ямищево, Заречная улица, 17/1";"Ямищево";"Коттедж Жуков И. В";"АКБ прибора";"-";"не назначено";"-";"-";"55.6066158";"37.1356939"
"02.09.2024";"135148";"Москва, Балтийская улица, 4";"Сокол ";"Магазин Продуктов Мартиросян А. А";"АБ ШС 19 + Ложные сработки ШС 17";"-";"не назначено";"-";"-";"55.807495";"37.5130049"
"07.06.2024";"135162";"поселение Десеновское, ул. 1-я Нововатутинская, д. 5.";"-";"Магазин Пиво тут ИА Наливайко В.В.";"заменить АКБ";"-";"не назначено";"-";"-";"55.5203927";"37.3550699"
"02.05.2024";"135178";"г Красногорск ул Видная 5";"Красногорск";"Офис ООО Мерго";"тревога тампера 17 зоны";"-";"не назначено";"-";"-";"55.8412538";"37.3439838"
"02.09.2024";"135184";"деревня Сапроново, улица Западный квартал, 5к2";"д. Сапроново";"Салон красоты ИП Болдырева С. В";"НКС часто + проверить АКБ прибора + проверить 220 V";"-";"назначено";"даниелян 10.09.2024";"-";"55.532528";"37.717995"
"08.09.2024";"135195";"Москва, Большая Черкизовская улица, 22к7";"Черкизовская ";"Хостел Черкизовская ООО Славлери";"Потери связи + АКБ прибора";"-";"не назначено";"-";"-";"55.7946384";"37.7341134"
"13.09.2024";"135198";"рабочий посёлок Томилино, Егорьевское шоссе, 1-й километр, 3В";"рп. Томилино (Панки D3)";"Аптека ООО Аптека Экономия 1";"Проверить 220 V + Проверить АКБ прибора";"-";"не назначено";"-";"-";"55.6591327";"37.9756667"
"24.05.2024";"135221";"Дмитриевского, дом 3";"Улица Дмитриевского";"Склад ООО ""ОФ ВАЙТ""";"тревога тампера";"Андрущенко 12.09.2024";"назначено";"-";"-";"55.7100317";"37.8829614"
"02.09.2024";"135268";"Королёв, Набережная улица, 10";"Королёв";"Коттедж Шифрина А. М";"НКС";"-";"не назначено";"-";"-";"55.9482692";"37.8354739"
"19.04.2024";"151500";"Мо,Ленинский городской округ, вблизи д. Жабкино и д. Спасское 55.546771, 37.654886 ";"Видное";"Котельная";"проверить КТС";"-";"не назначено";"-";"-";"55.5503553";"37.6627443"
"21.05.2024";"191252";"Рублевское Шоссе 89 кв 249 эт 5";"Молодежная";"Квартира Коваль Л.М.";"НКС";"-";"не назначено";"Коваль Владимир Анатольевич 8-(916)-176-65-48";"-";"55.7398464";"37.4291634"
"19.06.2024";"192470";" Борисовские пруды влад 2 пост 1";"Чертаново";"Спортивный интернат Чертаново";" ктс не проходит";"-";"не назначено";"ОХРАНА 8-916-233-72-41";"-";"55.6338749";"37.7079805"
"03.06.2024";"192566";"МО Ленинский район Видное Заводская 15";"Видное";"ГБУЗ Видновская районная клиническая больница Взрослая поликлиника ПОСТ ОХРАНЫ";"проверить КТС";"-";"не назначено";"79772647736/1 к";"-";"55.5539026";"37.7286929"
"21.05.2024";"194117";"МО р п Ржавки с 20 2 й мкр ТРЦ Зеленопарк этаж 1";"Зеленоград";"Магазин Фамилия ООО Максима Групп";"НКС";"-";"не назначено";"Стрельчук Андрей +79627127230";"-";"55.9986583";"37.2576759"
"30.05.2024";"194144";"Кастанаевская 52 стр 2";"пионерская";"ОКЦ ЗАО";"НКС";"-";"не назначено";"-";"-";"55.7343108";"37.4695287"
"19.06.2024";"300029";"Кубинка СНТ""Кубинка-М"", ул. 6-й проезд, д.126";"Кубинка";"Коттедж";"разряд АБ 2,5 зоны";"-";"не назначено";"-";"-";"55.5424646";"36.6924939"
"07.05.2024";"-";"МО Ленинский район с п Булатниковское д Дрожжино ул Новое шоссе 8 корп 2";"Видное";"Магазин детских товаров Буенкова Р Ф";"заменить АКБ";"-";"не назначено";"-";"-";"55.52543";"37.5924746"
"16.05.2024";"-";"Шатура проспект Ильича 59 ";"Шатура";"Все инструменты";"сработала ПС";" ";"не назначено";"-";"-";"55.575888";"39.516601"
