"дата";"Адрес";"Объект";"Административный округ";"Ответственный менеджер";"Тип обследования (ОС, ТС, ПС, Видео, Переключение, М/П, Скуд)";"номер хоз";"Статус заявки";"Исполнитель /дата";"Комментарий";"Срок исполнения (Dead Time)";"Latitude";"Longitude";"1 USD = 87,7479318 р";"1 EURO = 91,8822 р";"Ссылка"
"20.08.2024";"Московская область, п. Серебряные пруды, ул. Советская, д. 23";"магазин ""Доброцен""";"Серебряные пруды";"Севрюков";"ПС";"-";"не назначено";"-";"-";"-";"54.473549";"38.722051";"2";"-";"Новгородцев"
"10.09.2024";"посёлок Строитель";"Здание административного корпуса, производственное здание, холодный склад";"мОЖАЙСК";"Певзнер";" То пс с обслуживанием и документацией";"Контакт Алексей 89031488476-";"не назначено";"-";"-";"-";"55.4985707";"36.027858";"2";"-";"Канаев"
"20.10.2024";"г.Тула, ул. Петровская 3";"-";"Тула";"Озеров С.В. 8900-287-13-15";"Бывшая Алкотека. Обследовать на предмет работспособности установленного ранее оборудования.";"-";"назначено";"передал заявку Марьяне ";"-";"-";"54.204836";"37.6184915";"1";"-";"Кадамшоев"
"10.11.2024";"Московская обл., г.Химки, ул. Германа Титова, д. 14, корп. 1";"детский центр АТМОСФЕРА";"Химки";"менеджер Ахметкалиев Фархат Ханатович f.ahmetkaliev@ohrana-neva.ru 8-906-401-85-44";"клиент просит заранее согласовать время т.к дети в саду, либо вечером либо утром, либо на выходные, у клиента ОСТС в аренде, ПС нету, новый монтаж расчитать";"  8-977-464-54-20 Сергей ";"назначено";"шишкинский 14.11.2024";"ОТПРАВЛЯЮ В 3й раз, клиенту нужно обследование либор рано утром либо вечером либо в выходной, т.кю детский сад и пока дети нет возможности посмотреть обьект";"Fri Nov 14 2025 16:00:00 GMT-0500 (Eastern Standard Time)";"55.9162843";"37.4162334";"1";"-";"Аракелян"
"18.11.2024";"г.Москва, ул. Полярная, д. 27, корп. 4";"Детский сад ";"медведково";"Ахметкалиев Фархат Ханатович f.ahmetkaliev@ohrana-neva.ru 8-906-401-85-44";"Обследование ПС , проверить что все по нормам что бы принять на ТО ПС, на обьекте Бескровный обследование силами монтажного отдела";"7 985 020-50-30 Валентин";"назначено";"бескровный 19.11.2024";"-";"Wed Nov 19 2025 16:00:00 GMT-0500 (Eastern Standard Time)";"55.8831308";"37.6401834";"1";"-";"-"
"29.11.2024";"Москва Смоленская-Сенная площадь, 32-34";"Министерство иностранных дел";"Смоленская";"Бурлакова Дарья Михайловна d.burlakova@ohrana-neva.ru 8-927-519-23-15";"прошу сделать обследование ПС , чтобы взять на ТО ПС";"Ахунов Руслан Исломович 7 9895722586";"назначено";"бескровный ";"-";"-";"55.7461636";"37.5848546";"1";"-";"-"
"29.11.2024";"П/Н134382 Сафоново, ул.Ленина,13";"""ВИЛАДЖИО"", ДОДО Пицца";"Сафоново";"Чиграй  a.chigray@ohrana-neva.ru";"Прошу произвести просчет оборудования и списка работ для перекрытия датчиками дополнительного помещения клиента!";"-";"назначено";"макс";"????";"-";"55.1095364";"33.2370689";"1";"-";"-"
"10.12.2024";" Домодедовский район, д.Тургенево, д.75";"дом ";"Домодедово";"Михно С.С.";"П/н 32164  выехать на объект устранить неисправности, дать клиенту перспективу работы данного оборудования и сделать просчет на новый монтаж ОС+ТС  Желательно приехать в выходные суббота или воскресенье.";" Портенко Алексей Алексеевич +7 916 603-00-20";"назначено";"юра 17.12.24";"Юрий_Даниелян  17 дек. 2024 г., 14:14 Может только в выходные.";"Wed Dec 17 2025 16:00:00 GMT-0500 (Eastern Standard Time)";"55.3340208";"37.7063794";"1";"-";"-"
"13.12.2024";" МО, г.о. Истра, 43 километр Новорижского шоссе, вл3";"(гостиница)";"Истра";"Александр Сергеевич Чиграй  Телефон:  8 918 883 83 48 E-mail:   a.chigray@ohrana-neva.ru";"на объект для обследования ПС на возможность принятия на ТО.  Если необходимы переделки, либо добавление оборудования - рассчитать перечень необходимого.";"Владимир Геннадиевич   8 903 72824 60.";"назначено";"дурновцев м 18.12";"-";"Thu Dec 18 2025 16:00:00 GMT-0500 (Eastern Standard Time)";"56.2660108";"32.8136228";"1";"-";"-"
"14.01.2025";"Москва, Краснодарский проезд, д. 8";"Кладовая";"Люблино";"Гаук Евгений Михайлович​​​​ 8-936-555-12-44/8-977-393-94-62";" на предмет нового монтажа ПС. Обязательно заложить Норд GSM для дальнейшего мониторинга ПС, модуль ethernet для связи и УК-ВК/02 вместе с работами, для дальнейшего автоматического размыкания эвакуационных дверей при срабатывании ПС (проект во вложении)";"Клиент:​​​​​ +7 926 371-05-31 Руслан";"назначено";"новгородцев 14.01";"Александр  15 янв. 2025 г., 12:30 Клиент отложил обследование, сам сообщит менеджеру когда приехать.";"Tue Jan 14 2025 16:00:00 GMT-0500 (Eastern Standard Time)";"55.6703343";"37.78686010000001";"1";"-";"-"
"14.01.2025";"г. Москва Котельнический проезд 25 б";" (Аренда помещений) ";"Котельники";" Михайлов Александр Юрьевич +799962517 a.mihailov@ohrana-neva.ru  ";"По этому адресу 9 объектов. Клиент хочет чтобы на каждом объекте была своя собственная ПС. Кл сдает в аренду помещения поэтому наименования не указывает. Необходимо рассчитать новый монтаж ПС для дальнейшего принятия на ТО ПС.   ";"Александр +7 965 405-70-30";"назначено";"14.01.2024 Избасов ";"Со слов Фоменко М. считает Краснодар. Всё отправлено туда.";"Tue Jan 14 2025 16:00:00 GMT-0500 (Eastern Standard Time)";"55.6620952";"37.8898172";"1";"-";"-"
"16.01.2025";"Москва ул.Сходненская 3";"Уфанет";"Тушинская";" Михаил Супонников";"ОС провод радио ";"Вячеслав 8-926-2010124";"назначено";"насим 20.01";"Шатохин Михаил  22 янв. 2025 г., 11:19 Согласование еще идёт  цитировать или ответить Шатохин Михаил  21 янв. 2025 г., 10:22 Заказчик сообщил, что в настоящее время согласует установку технических средств с собственником помещения. Сказал, что даст ответ о результатах менеджеру или мне";"Mon Jan 20 2025 16:00:00 GMT-0500 (Eastern Standard Time)";"55.83832650000001";"37.4377783";"1";"-";"-"
"12.12.2024";"Московская область РП Ильинский, Пролетарская, 49Д/1";" предприятие. По изготовлению косметики  ";"р.п. ильинский";" Михайлов Александр Юрьевич +799962517 a.mihailov@ohrana-neva.ru  ";"Обследование ОС  + ПС + СВН  ";"е Мурад +7 929 656-44-44  и +7 926 162-26-22";"не назначено";"-";"-";"-";"55.6327355";"38.1065567";"2";"-";"-"
"09.01.2025";"Москва г, Новый Арбат ул, дом № 17";"ООО «ЭТАЛОН» (Ресторан «FISH культура»)";"Смоленская";"Сафин Максим 89996287015 ";"п/н 135152 Требуется обследование на предмет переключения ОСТС. У клиента какая то система стоит, просит посмотреть можно ли ее взять в работу. Так же на объекте есть наше оборудование ктс. Обследование планировать после 07.01.2025";"Нара +7 916 131-93-73";"назначено";"насим 20.01";"Рамазан Гаджиев 21 янв. 2025 г., 11:15 Не демонтаж .менеджер договаривается с новым арендатором о перезаключении.";"Mon Jan 20 2025 16:00:00 GMT-0500 (Eastern Standard Time)";"55.7526822";"37.5876677";"1";"-";"-"
"27.01.2025";"Московская область, Ленинский городской округ, посёлок городского типа Дрожжино, Южная улица, д. 25";"Sigarion магазин табака и курительных принадлежностей";"Дрожжино";"Михайлова Екатерина Сергеевна 89880297991 e.mihailova@ohrana-neva.ru";"Необходимо проверить существующую пожарную сигнализацию на объекте по этому адресу, сможем ли взять на техническое обслуживание + ПС мониторинг. Со слов клиента, ее никто много лет не обслуживал. На ее памяти она срабатывала 2 раза, один раз по делу, второй ложная сработка. В случае, если на техническое обслуживание принять не удастся, сама заказчик - владелица магазина Sigarion, просит рассчитать стоимость нового монтажа пожарной сигнализации только в ее табачном магазине (17м2).";"Инна Владимировна +7 968 680-35-32";"назначено";"Монтажный отдел ";"-";"-";"55.5295049";"37.5873473";"1";"-";"-"
"27.01.2025";"Петровский бульвар 8. стр.1";"-";"турбная";"Сергей Михно";"бывший Ребелион обслуживается у нас переходит под ООО Траектория (проверить ОС+ТС ТО ПС)";" Артем +7 925 125-02-43";"назначено";"Батыр 28.01.2025";"-";"Tue Jan 28 2025 16:00:00 GMT-0500 (Eastern Standard Time)";"55.7677211";"37.6158846";"1";"-";"-"
"30.01.2025";" Москва г, ул Новодмитровская, д. 2, к. 5, этаж 5, помещ. 34";" ООО ЛОЗА КЛИНИК (Медцентр ""ООО ЛОЗА клиник"")";"Дмитровская";" Вершинина Екатерина Владимировна e.vershinina@ohrana-neva.ru 8-903-371-11-21";"п/н 138510 Обследование ПС для подключение на мониторинг и сможем ли принять ПС на тех обслуживание";" 89166483801 Сабина";"назначено";"Шатохин 03.02.2025";"-";"Mon Feb 03 2025 16:00:00 GMT-0500 (Eastern Standard Time)";"55.8037486";"37.5909998";"-";"-";"-"
"04.02.2025";"Москва, п. Сосенское, Прокшинский проспект 12  ";"Салон красоты OSNOVA";"Прокшино";" Евгений Александрович Христенко, 8-906-753-62-55, hristenkoeu@yandex.ru";"обследование на предмет установки ПС.";"Владислав - +7 904 106-38-08";"назначено";"Даниелян 04.02.2025";"-";"Tue Feb 04 2025 16:00:00 GMT-0500 (Eastern Standard Time)";"55.57569650000001";"37.4334381";"-";"-";"-"
"04.02.2025";"г.Москва,Лермонтовский проспект д.10 корп 1";"Ваш ломбард на Северо-востоке";"Лермонтовский проспект";"Сергей Михно";"Обследование на ОС+ТС + ТО ПС новые монтажи.";"контакт Юлия Александровна 89162008542";"назначено";"Батыр 04.02.2025";"-";"Tue Feb 04 2025 16:00:00 GMT-0500 (Eastern Standard Time)";"55.7008622";"37.8513858";"-";"-";"-"
"04.02.2025";"г. Видное ул. Ольховая д. 4";"Десткий сад";"Видное";"Моторин Александр";"Осмотр по видеонаблюдению";"89672729495 Сергей Алексеевич";"назначено";"Даниелян 06.02.2025";"-";"Thu Feb 06 2025 16:00:00 GMT-0500 (Eastern Standard Time)";"55.5445441";"37.7227297";"-";"-";"-"
"04.02.2025";"г. Москва, Каширское шоссе, 148, корп. 1 ";"Детский сад. ";"Домодедовская";"Максимов Максим 89275850105";"обследование на предмет установки ОС. 135 кВ.м - 5 помещений.";" Ирина Фролова +7 985 413-81-66";"назначено";"Шатохин 05.02.2025";"-";"Wed Feb 05 2025 16:00:00 GMT-0500 (Eastern Standard Time)";"55.5953123";"37.7239951";"-";"-";"-"
"23.01.2025";"г. Москва,  Волокаламское шоссе 14.";"дом ";"Стрешнево";"Чибисова Дарья Владимировна  тел. : +7-909-141-4988";" провести обследование на предмет установки СВН в многоквартирном доме";"-";"назначено";"Монтажный отдел ";"клиент за границей";"-";"55.809635";"37.4934117";"1";"-";"-"
"03.02.2025";"МО, г. Химки, мкр. Подрезково, квартал Филино, д. 121";"Дом Быта";"Химки";"Гаук Евгений Михайлович​ 8-936-555-12-44/8-977-393-94-62";"на предмет нового монтажа ПС и СОУЭ на основании разработанных проектов. Обязательно заложить Норд GSM для дальнейшего мониторинга ПС, модуль ethernet для связи и УК-ВК/02 вместе с работами, для дальнейшего автоматического размыкания эвакуационных дверей при срабатывании ПС (проекты во вложении)";"Клиент:​​​​​ +7 (910) 005-48-88 Александр / +7 909 660-71-08 Владислав";"назначено";"дурновцев м 05.02";"-";"Wed Feb 05 2025 16:00:00 GMT-0500 (Eastern Standard Time)";"55.9235542";"37.3679478";"-";"-";"-"
"05.02.2025";"г. Люберцы ул. Урицкого д.1";"Храм";"Люберцы";"Ахметкалиев Фархат Ханатович f.ahmetkaliev@ohrana-neva.ru 8-906-401-85-44";"п/н 1703  нужен новый монтаж ПС беспровод";"7 916 812-46-64 Артемий";"назначено";"дима  06.02.2025";"-";"Thu Feb 06 2025 16:00:00 GMT-0500 (Eastern Standard Time)";"55.7037955";"37.8902404";"-";"-";"-"
"06.02.2025";"г. Москва, ул. 1-я Рыбинская, 1с3";"складское и офисное помещения";"Рижская";"Александр Сергеевич Чиграй  Телефон:  8 ‪918 883 83 48‬";"Прошу направить техника на объект для обследования на предмет нового монтажа ПС (провод или радио решить на месте с клиентом). ";"Сергей  89164875503";"назначено";"Новгородцев 06.02.2025";"-";"Thu Feb 06 2025 16:00:00 GMT-0500 (Eastern Standard Time)";"55.7902461";"37.6556718";"-";"-";"-"
"10.02.2025";"г.Москва,ул.Героев Панфиловцев,д.1/2,";"ООО""Техно Трейд""Ломбард";"Сходненская";"Сергей Михно";"ОС+ТС+ТО ПС";"т Сергей Александрович 89253708684";"назначено";"Батыр 10.02.2025";"-";"Mon Feb 10 2025 16:00:00 GMT-0500 (Eastern Standard Time)";"55.85209";"37.438266";"-";"-";"-"
"11.02.2025";"Преображенская улица, 4  пом 15 , Красная горка м-н, Люберцы, Московская область";" Супермаркет";"Люберцы";"Бурлакова Дарья Михайловна d.burlakova@ohrana-neva.ru 8-927-519-23-15";" Только открываются, есть оборудование осталось от прошлых арендодателей , вывески никакой нет , прошу посмотреть оборудование , чтобы подключиться к нему , если нужно , то дооборудовать ";" Гастян Григор Марвикович 7-999-908-49-86";"назначено";"Новгородцев 11.02.2025";"-";"Tue Feb 11 2025 16:00:00 GMT-0500 (Eastern Standard Time)";"55.6848855";"37.9099775";"-";"-";"-"
"11.02.2025";"Московская обл., г. Талдом, с. Новоникольское, д. 15,";"Эко-отель Белая Мельница";"Талдом ";"Михайлов Александр Юрьевич +7(999) 625 17 07 ";"Необходимо сделать обследование ПС на новый монтаж с дальнейшим принятием на то пс + пс мониторинг. Так же если есть возможность дать рекомендацию по огнетушителям. И нужно понимать какое кол-во планов эвакуации нужно клиенту. На каждый выход один.    ";"Перинац Дмитрий Алексеевич + 79096767057 Ответственный ";"не назначено";"хочет на 14.02";"-";"Fri Feb 14 2025 16:00:00 GMT-0500 (Eastern Standard Time)";"56.563435";"37.528204";"-";"-";"-"
"11.02.2025";"Москва г, вн.тер.г. муниципальный округ Тверской, ул Тверская, д. 5/6";"отель апельсину кремля ";"Охотный Ряд";"Сафин Максим 89996287015";"П/Н 1598  Клиент потерял брелок ктс. Нужен новый. какой брелок нужно ";"Александр +7 962 999-89-80";"назначено";"Клюев 12.02.2025";"-";"Wed Feb 12 2025 16:00:00 GMT-0500 (Eastern Standard Time)";"55.7576848";"37.6120698";"-";"-";"-"
"11.02.2025";"Московская область, г.о. Домодедово, коттеджный посёлок Рэд, д. 452";"Топшкола частная школа";"Домодедово";"Михайлова Екатерина Сергеевна 89880297991 e.mihailova@ohrana-neva.ru";"Клиент хочет установить Пожарную сигнализацию и видеонаблюдение за объектом. Рассчитать новый монтаж ПС и видеонаблюдение. Также, рассчитать новый монтаж ОСТС";"Наталья Валерьевна +7 919 996-49-48";"назначено";"Ковалев 12.02.2025";"-";"Wed Feb 12 2025 16:00:00 GMT-0500 (Eastern Standard Time)";"55.3392731";"37.8085337";"-";"-";"-"
"12.02.2025";"г. Москва, ул. Тушинская, д. 24, стр. 15, ";" ООО Проект-Актив  МАГАЗИН";"Тушинская";" Ахметкалиев Фархат Ханатович f.ahmetkaliev@ohrana-neva.ru 8-906-401-85-44";"п/н  133786  у клиента 5 входных зон, говорит стоит только 3 смк, 3 центральных входа на них стоит СМК и 2 запасных на котором нету, и говорит там где стояит, говрит могут разбить или выдавить стекло и СМК не сработает, нужно посчитать штору или ИК  и смк на запасные входы, и в целом обследовать обьект и дать рекомендации по установке ОСТС, клиент просит обящательно за час звонить, т.кю не всегда на обьекте находится";"8-985-622-96-22 Александров Юрий Александрович";"назначено";"Новгородцев 19.02.2025";"-";"Wed Feb 19 2025 16:00:00 GMT-0500 (Eastern Standard Time)";"55.828556";"37.4358549";"-";"-";"-"
"13.02.2025";"МО г. Дмитрову , ул. Профессиональная д2";" кофейня";"Дмитров";"Ахметкалиев Фархат Ханатович f.ahmetkaliev@ohrana-neva.ru 8-906-401-85-44";"закончили ремонт, через 2 дня открытие, просит срочно посчитать новый монтаж ОСТС ПС и Видеокамеры уличные и внутри";"7 915 333-89-81 Анастасия";"назначено";"дурновцев16.02";"-";"Sun Feb 16 2025 16:00:00 GMT-0500 (Eastern Standard Time)";"56.3503243";"37.5217756";"-";"-";"-"
"18.02.2025";"МО, п.Томилино 1й км Егорьевского ш с3";"Аптека ""ФармЛенд";"Томилино ";" Гунин Владислав +7 952 814-56-47;";"Оценить возможность взятия на обслуживание ПС, установленную на объекте. Если взять на обслуживание нельзя, посчитать ПС в наиболее подходящем для монтажа варианте: на проводе или радио - на усмотрение техника.";"Александр +7 917 473-39-10;";"назначено";"Ковалев 24.02.2025";"-";"Mon Feb 24 2025 16:00:00 GMT-0500 (Eastern Standard Time)";"55.638608";"37.937409";"-";"-";"-"
"18.02.2025";"МО, Щелково, Пролетарский пр вл 3а";"Аптека ""ФармЛенд";"Щелково";" Гунин Владислав +7 952 814-56-47;";"Оценить возможность взятия на обслуживание ПС, установленную на объекте. Если взять на обслуживание нельзя, посчитать ПС в наиболее подходящем для монтажа варианте: на проводе или радио - на усмотрение техника.";"Александр +7 917 473-39-10;";"назначено";"Дурновцев 21.02.2025";"-";"Fri Feb 21 2025 16:00:00 GMT-0500 (Eastern Standard Time)";"55.9142162";"37.9938717";"-";"-";"-"
"18.02.2025";"МО, Королев мкр. Болшево Пушкинская,13";"Аптека ""ФармЛенд";"Королев";" Гунин Владислав +7 952 814-56-47;";"Оценить возможность взятия на обслуживание ПС, установленную на объекте. Если взять на обслуживание нельзя, посчитать ПС в наиболее подходящем для монтажа варианте: на проводе или радио - на усмотрение техника.";"Александр +7 917 473-39-10;";"назначено";"Дурновцев 21.02.2025";"-";"Fri Feb 21 2025 16:00:00 GMT-0500 (Eastern Standard Time)";"55.93352059999999";"37.8445832";"-";"-";"-"
"18.02.2025";"МО, Солнечногорск,ул.Советская д.5/15";"Аптека ""ФармЛенд";"солнечногорск";" Гунин Владислав +7 952 814-56-47;";"Оценить возможность взятия на обслуживание ПС, установленную на объекте. Если взять на обслуживание нельзя, посчитать ПС в наиболее подходящем для монтажа варианте: на проводе или радио - на усмотрение техника.";"Александр +7 917 473-39-10;";"не назначено";"-";"-";"-";"56.18526";"36.97566";"-";"-";"-"
"18.02.2025";" МО, Королев, ул. Горького, 3а";"Аптека ""ФармЛенд";"Королев";" Гунин Владислав +7 952 814-56-47;";"Оценить возможность взятия на обслуживание ПС, установленную на объекте. Если взять на обслуживание нельзя, посчитать ПС в наиболее подходящем для монтажа варианте: на проводе или радио - на усмотрение техника.";"Галина +7 985 123-23-03";"назначено";"Дурновцев 21.02.2025";"-";"Fri Feb 21 2025 16:00:00 GMT-0500 (Eastern Standard Time)";"55.9137457";"37.8595316";"-";"-";"-"
"18.02.2025";"МО, Королев, ул. Грабина, 10";"Аптека ""ФармЛенд";"Королев";" Гунин Владислав +7 952 814-56-47;";"Оценить возможность взятия на обслуживание ПС, установленную на объекте. Если взять на обслуживание нельзя, посчитать ПС в наиболее подходящем для монтажа варианте: на проводе или радио - на усмотрение техника.";"Галина +7 985 123-23-03";"назначено";"Дурновцев 21.02.2025";"-";"Fri Feb 21 2025 16:00:00 GMT-0500 (Eastern Standard Time)";"55.9256201";"37.8165031";"-";"-";"-"
"19.02.2025";" г. Москва, Новомосковский а.о., п. Коммунарка, ул. Сосенский стан, 11 ";"(коммерческое помещение)";"Коммунарка";"Александр Сергеевич Чиграй  Телефон:  8 918 883 83 48 E-mail:   a.chigray@ohrana-neva.ru";"Прошу направить техника на объект для обследования на предмет нового монтажа ОС ПС (провод или радио решить на месте с клиентом).";"Артур  8-925-849-84-90.";"назначено";"Даниелян 19.02.2025";"-";"Wed Feb 19 2025 16:00:00 GMT-0500 (Eastern Standard Time)";"55.56915";"37.4698836";"-";"-";"-"
"19.02.2025";"Московская область, Долгопрудный, Парковая улица, 44к1";"(Логопед)";"Долгопрудный";"Сафин Максим 89996287015";"Требуется обследование на предмет ";"Лепкова Мария Вячеславовна +79166321471";"назначено";"Дурновцев 19.02.2025";"-";"Wed Feb 19 2025 16:00:00 GMT-0500 (Eastern Standard Time)";"55.9858278";"37.5031465";"-";"-";"-"
"19.02.2025";" Московская область, Долгопрудный, Парковая улица, 50";"(Логопед)";"Долгопрудный";"Сафин Максим 89996287015";"Требуется обследование на предмет ";"Лепкова Мария Вячеславовна +79166321471";"назначено";"Дурновецв 19.02.2025";"-";"Wed Feb 19 2025 16:00:00 GMT-0500 (Eastern Standard Time)";"55.953134";"37.494011";"-";"-";"-"
"20.02.2025";"МО г.Люберцы пос. Малаховка Быковское шоссе д. 88 ";" Магазин ПивПункт";"Люберцы";"Ахметкалиев Фархат Ханатович f.ahmetkaliev@ohrana-neva.ru 8-906-401-85-44";" у клиента есть ОСТС нужно просто подключить, посчитать установку  (ранее мы смонтировали пос. Томилино ул. Гаршина 9А где у нее в собственности было оборудование, можно самим забрать от туда)";"7 926 055-06-26 Татьяна (обязательно заранее согласовать выезд с клиентом, когда привезет оборудование)";"назначено";"Ковалев 24.02.2025";"-";"Mon Feb 24 2025 16:00:00 GMT-0500 (Eastern Standard Time)";"55.6309705";"37.9786001";"-";"-";"-"
"20.02.2025";"г.Москва, Воронцовская улица, д.2/10 ст1";"ЮР лицо клианте";"Марксистская";"89889611233 Юйкова Оксана Александровна ";"На об есть оборудование, есть какая-то документация. Обследование на предмет подключения ПС, ТО+мониторинг , площадь около 250 кв.м. ";"89162717527 Ирина ";"назначено";"Шатохин 21.02.2025";"-";"Fri Feb 21 2025 16:00:00 GMT-0500 (Eastern Standard Time)";"55.74053439999999";"37.6542404";"-";"-";"-"
"20.02.2025";"г.Москва, ул.Зои и Александры Космодемьянских, д. 35/1";"Алкотека";"Коптево";"Озеров С.В. 8900-287-13-15+Бессараб Полина";"ОС ТС ПС монит Пс обслуж ПРОЕКТ ПС";"Иван Романов Алкотека Москва Горизонт-М +7 968 047-88-44";"назначено";"Кадамшоев 21.02.2025";"-";"Fri Feb 21 2025 16:00:00 GMT-0500 (Eastern Standard Time)";"55.8253435";"37.5265323";"-";"-";"-"
"21.02.2025";"Москва, Филёвский б-р, 40";"Аптека ""ФармЛенд""";"Мнёвники";" Гунин Владислав +7 952 814-56-47;";" Оценить возможность взятия на обслуживание ПС, установленную на объекте. Если взять на обслуживание нельзя, посчитать ПС в наиболее подходящем для монтажа варианте: на проводе или радио - на усмотрение техника.";"Александр +7 917 473-39-10;";"назначено";"Кадамшоев 24.02.2025";"-";"Mon Feb 24 2025 16:00:00 GMT-0500 (Eastern Standard Time)";"55.7628862";"37.4825845";"-";"-";"-"
"21.02.2025";"Москва, ул. Садовая-Сухаревская, 2/34 стр1";"Аптека ""ФармЛенд""";"Цветной бульвар";" Гунин Владислав +7 952 814-56-47;";" Оценить возможность взятия на обслуживание ПС, установленную на объекте. Если взять на обслуживание нельзя, посчитать ПС в наиболее подходящем для монтажа варианте: на проводе или радио - на усмотрение техника.";"Александр +7 917 473-39-10;";"назначено";"Шатохин 21.02.2025";"-";"Fri Feb 21 2025 16:00:00 GMT-0500 (Eastern Standard Time)";"55.773329";"37.621907";"-";"-";"-"
"21.02.2025";"МО, Одинцово, Маршала Бирюзова, 3 стр.1";"Аптека ""ФармЛенд""";"Одинцово";" Гунин Владислав +7 952 814-56-47;";" Оценить возможность взятия на обслуживание ПС, установленную на объекте. Если взять на обслуживание нельзя, посчитать ПС в наиболее подходящем для монтажа варианте: на проводе или радио - на усмотрение техника.";"Александр +7 917 473-39-10;";"назначено";"Даниелян 24.02.2025";"-";"Mon Feb 24 2025 16:00:00 GMT-0500 (Eastern Standard Time)";"55.6859895";"37.2607972";"-";"-";"-"
"21.02.2025";"МО, Одинцово, Маршала Жукова, 32 пом.5";"Аптека ""ФармЛенд""";"Одинцово";" Гунин Владислав +7 952 814-56-47;";" Оценить возможность взятия на обслуживание ПС, установленную на объекте. Если взять на обслуживание нельзя, посчитать ПС в наиболее подходящем для монтажа варианте: на проводе или радио - на усмотрение техника.";"Александр +7 917 473-39-10;";"назначено";"Даниелян 24.02.2025";"-";"Mon Feb 24 2025 16:00:00 GMT-0500 (Eastern Standard Time)";"55.6800134";"37.2657212";"-";"-";"-"
"21.02.2025";"Московская область, муниципальный округ Егорьевск,   село Починки, улица Молодежная, дом 23;";" МУНИЦИПАЛЬНОЕ БЮДЖЕТНОЕ ОБЩЕОБРАЗОВАТЕЛЬНОЕ УЧРЕЖДЕНИЕ СРЕДНЯЯ ОБЩЕОБРАЗОВАТЕЛЬНАЯ ШКОЛА № 1 (МБОУ СОШ № 1)";"-";"Задача № 641956 ";"ТОРГИ !!!Оказание услуг по разработке проектно-сметной документации на оснащение инженерно-техническими системами обеспечения безопасности учебных корпусов";"Ответственный: Дмитрий Сергеевич, 8-903-101-07-15   Контрактный управляющий: Мария Викторовна, 8-916-857-09-12";"назначено";"На 24.02.2025";"ковалев 24.02";"Mon Feb 24 2025 16:00:00 GMT-0500 (Eastern Standard Time)";"55.39553609999999";"39.0463558";"-";"-";"-"
"21.02.2025";"Московская область, муниципальный округ Егорьевск,   село Починки, улица Молодежная, дом 12; ";" МУНИЦИПАЛЬНОЕ БЮДЖЕТНОЕ ОБЩЕОБРАЗОВАТЕЛЬНОЕ УЧРЕЖДЕНИЕ СРЕДНЯЯ ОБЩЕОБРАЗОВАТЕЛЬНАЯ ШКОЛА № 1 (МБОУ СОШ № 1)";"Егорьевск";"Задача № 641956 ";"ТОРГИ !!!Оказание услуг по разработке проектно-сметной документации на оснащение инженерно-техническими системами обеспечения безопасности учебных корпусов";"Ответственный: Дмитрий Сергеевич, 8-903-101-07-15   Контрактный управляющий: Мария Викторовна, 8-916-857-09-12";"назначено";"На 24.02.2025";"ковалев 24.02";"Mon Feb 24 2025 16:00:00 GMT-0500 (Eastern Standard Time)";"55.3943447";"39.0449192";"-";"-";"-"
