"Адрес";"Вид охранной сигнализации";"Дата переключения, монтажа";"-";"Прибор ";"Заявка-смета №";"№ СИМ-карты";"Статус заявки";"Пультовой номер";"Техник";"Представитель заказчика";"Объект принят";"Примечание";"Latitude";"Longitude"
"Усачева ул., д.1А, стр.2";"ТС";"23.12.2024";"Фрунзенская";"Лунь 73т";"116460";"-";"не назначено";"53685";"-";"Дрянова Людмила Ивановна (8-903-191-46-94)";"Tue Dec 24 2024 00:00:00 GMT+0300 (Moscow Standard Time)";"-";"55.728246";"37.579610"
"Плющиха ул., д. 57, стр. 4";"ТС";"23.12.2024";"Парк культуры";"Лунь 73т";"117568";"-";"не назначено";"53725";"-";"Дрянова Людмила Ивановна (8-903-191-46-94)";"Tue Dec 24 2024 00:00:00 GMT+0300 (Moscow Standard Time)";"-";"55.7354863";"37.5785114"
"1-я Останкинская ул., д.7А, стр.31";"ТС";"20.12.2024";"ВДНХ";"Лунь 37т";"115984";"-";"не назначено";"53797";"-";"Костюшин Андреей Владимирович (8-903-191-45-58)";"Tue Dec 24 2024 00:00:00 GMT+0300 (Moscow Standard Time)";" ";"55.82484299999999";"37.6168241"
"ул. Новый Арбат, д. 11";"ОС и ТС";"-";"Арбатская";"GPS/ГЛОНАСС трекер";"120230";"-";"не назначено";"-";"-";"Кадыров Александр Николаевич (8-929-541-37-64)";"-";"переехал на Пушкинская площадь (за памятником А.С. Пушкину)";"55.7523428";"37.5967294"
"Красноказармен ная ул., д. 1, стр. 6";"ТС";"20.12.2024";"Лефортово";"Лунь 73т";"116182";"-";"не назначено";"53759";"-";"Сапленкова Ирина Александровна (8-909-684-90-80)";"Tue Dec 24 2024 00:00:00 GMT+0300 (Moscow Standard Time)";"-";"55.7659652";"37.6944006"
"Сущевский Вал, д.56, стр.4";"ТС";"19.12.2024";"Марьина роща";"Лунь 73т";"117596";"-";"не назначено";"53809";"-";"Дрянова Людмила Ивановна (8-903-191-46-94)";"Fri Dec 20 2024 00:00:00 GMT+0300 (Moscow Standard Time)";"-";"55.79063";"37.6194259"
"1-й проезд Марьиной Рощи, д.16";"ТС";"19.12.2024";"Марьина роща";"Лунь 73т";"114855";"-";"не назначено";"53816";"-";"Дрянова Людмила Ивановна (8-903-191-46-94)";"Fri Dec 20 2024 00:00:00 GMT+0300 (Moscow Standard Time)";"-";"55.7945933";"37.6187885"
"Б.Садовая ул., д.16, соор.1";"ТС";"24.12.2024";"Маяковская";"Лунь 73т";"114917";"-";"не назначено";"53686";"-";"Суровая Татьяна Николаевна (8-903-191-41-77)";"Fri Dec 27 2024 00:00:00 GMT+0300 (Moscow Standard Time)";"-";"55.767165";"37.595752"
"Тверской бульвар, вл. 3, соор. 1";"ТС";"24.12.2024";"Пушкинская";"Лунь 73т";"116413";"-";"не назначено";"53688";"-";"Суровая Татьяна Николаевна (8-903-191-41-77)";"Fri Dec 27 2024 00:00:00 GMT+0300 (Moscow Standard Time)";"Объект в подвале. Неооходимо дооборудование: 1 Акл 900 с кабелем 25 метров 2 Каб канал 16х16 25 метров. Бурение по плитке!!!";"55.7583583";"37.5980779"
"Бол. Дорогомиловска я ул., д.9";"ТС";"23.12.2024";"Киевская";"Лунь 73т";"114934";"-";"не назначено";"53704";"-";"Дрянова Людмила Ивановна (8-903-191-46-94)";"Tue Dec 24 2024 00:00:00 GMT+0300 (Moscow Standard Time)";"-";"55.745970";"37.555238"
"6-я Северная линия ул., д.2А";"ТС";"25.12.2024";"Физтех";"Лунь 73т";"115995";"-";"не назначено";"53712";"-";"Иванова Светлаа Александровна (8-963-606-70-00)";"Fri Dec 27 2024 00:00:00 GMT+0300 (Moscow Standard Time)";"-";"55.93688119999999";"37.5536432"
"Тишинская пл., д.1А,соор.1";"ТС";"24.12.2024";"Белорусская";"Лунь 73т";"117598";"-";"не назначено";"53717";"-";"Суровая Татьяна Николаевна (8-903-191-41-77)";"Fri Dec 27 2024 00:00:00 GMT+0300 (Moscow Standard Time)";"-";"55.7687649";"37.5825709"
"Б.Грузинская ул, д.13А, стр.1";"ТС";"24.12.2024";"Баррикадная";"Лунь 73т";"114912";"-";"не назначено";"53721";"-";"Суровая Татьяна Николаевна (8-903-191-41-77)";"Fri Dec 27 2024 00:00:00 GMT+0300 (Moscow Standard Time)";"-";"55.7658609";"37.5776399"
"Пл-дь Победы, д.3А";"ТС";"24.12.2024";"Парк Победы";"Лунь 73т";"116893";"-";"не назначено";"53723";"-";"Кушнир Елена Ивановна (8-903-191-38-12";"Fri Dec 27 2024 00:00:00 GMT+0300 (Moscow Standard Time)";"-";"55.731774";"37.501582"
"Минская ул., д. 16 Б";"ТС";"22.12.2024";"Филёвский парк";"Лунь 73т";"116141";"-";"не назначено";"53736";"-";"Кушнир Елена Ивановна (8-903-191-38-12";"Tue Dec 24 2024 00:00:00 GMT+0300 (Moscow Standard Time)";"-";"55.740849";"37.483745"
"1-й Войковский прд, д.4, соор.1";"ТС";"22.12.2024";"Войковская";"Лунь 73т";"115971";"-";"не назначено";"53740";"-";"Иванова Светлаа Александровна (8-963-606-70-00)";"Tue Dec 24 2024 00:00:00 GMT+0300 (Moscow Standard Time)";"-";"55.8155066";"37.4973412"
"Авиамоторная ул., 41 А, соор.1";"ТС";"20.12.2024";"Авиамоторная";"Лунь 73т";"116012";"-";"не назначено";"53751";"-";"Сапленкова Ирина Александровна (8-909-684-90-80)";"Tue Dec 24 2024 00:00:00 GMT+0300 (Moscow Standard Time)";"оЧЕНЬ ПЛОХАЯ СВЯЗЬ НУЖНА АКЛ И ПРОВОД 15 М";"55.752121";"37.718444"
"Нагатинская ул., д.25, стр.2";"ТС";"20.12.2024";"Коломенская";"Лунь 73т";"116204";"-";"не назначено";"53764";"-";"Сядайкина Лариса Вячеславовна (8-909-918-56-10)";"Tue Dec 24 2024 00:00:00 GMT+0300 (Moscow Standard Time)";"-";"55.6786661";"37.6504927"
"Маршала Неделина ул., д.2";"ТС";"21.12.2024";"Молодежная";"Лунь 73т";"116208";"-";"не назначено";"53767";"-";"Дубинина Ольга Александровна (8-909-918-56-60)";"Tue Dec 24 2024 00:00:00 GMT+0300 (Moscow Standard Time)";"-";"55.7235669";"37.4013309"
"Крылатская ул., д. 2, стр.22";"ТС";"21.12.2024";"Терехово";"Лунь 73 т";"116184";"-";"не назначено";"53768";"-";"Дубинина Ольга Александровна (8-909-918-56-60)";"Tue Dec 24 2024 00:00:00 GMT+0300 (Moscow Standard Time)";"-";"55.756957";"37.4346945"
"Василия Ботылева ул., д.25 А";"ТС";"21.12.2024";"Крылатское";"Лунь 73т";"116104";"-";"не назначено";"53773";"-";"Дубинина Ольга Александровна (8-909-918-56-60)";"Tue Dec 24 2024 00:00:00 GMT+0300 (Moscow Standard Time)";"-";"55.7849892";"37.35238380000001"
"Долгоруковская ул., д. 39/6";"ТС";"25.12.2024";"Новослободская";"Лунь 73т";"115425";"-";"не назначено";"53682";"-";"Дрянова Людмила Ивановна (8-903-191-46-94)";"Fri Dec 27 2024 00:00:00 GMT+0300 (Moscow Standard Time)";"-";"55.7787561";"37.6006269"
"Осенний б-р, д.14";"ТС";"24.12.2024";"Крылатское";"Лунь 73т";"116217";"-";"не назначено";"53696";"-";"Дубинина Ольга Александровна (8-909-918-56-60)";"Fri Dec 27 2024 00:00:00 GMT+0300 (Moscow Standard Time)";"-";"55.7589408";"37.4092158"
"Пл-дь Победы, д.3Г";"ТС";"25.12.2024";"Парк Победы";"Лунь 73т";"116894";"-";"не назначено";"53698";"-";"Кушнир Елена Ивановна (8-903-191-38-12";"Fri Dec 27 2024 00:00:00 GMT+0300 (Moscow Standard Time)";"-";"55.728788";"37.505220"
"Рогожский вал ул., д. 3";"ТС";"23.12.2024";"Римская";"Лунь 73т";"116398";"-";"не назначено";"53700";"-";"Суровая Татьяна Николаевна (8-903-191-41-77)";"Tue Dec 24 2024 00:00:00 GMT+0300 (Moscow Standard Time)";"-";"55.7451131";"37.679305"
"2-я Песчаная ул., д. 4Б, стр.1";"ТС";"23.12.2024";"Аэропорт";"Лунь 73т";"115990";"-";"не назначено";"53710";"-";"Иванова Светлаа Александровна (8-963-606-70-00)";"Tue Dec 24 2024 00:00:00 GMT+0300 (Moscow Standard Time)";"-";"55.7941587";"37.5162836"
"Новопесчаная ул., д. 12, стр. 4";"ТС";"23.12.2024";"Сокол";"Лунь 73т";"116236";"-";"не назначено";"53715";"-";"Иванова Светлаа Александровна (8-963-606-70-00)";"Tue Dec 24 2024 00:00:00 GMT+0300 (Moscow Standard Time)";"-";"55.7986375";"37.5121596"
"Н. Масловка ул., д.10 А стр 1";"ТС";"24.12.2024";"Савёловская";"Лунь 73т";"116229";"-";"не назначено";"53718";"-";"Иванова Светлаа Александровна (8-963-606-70-00)";"Fri Dec 27 2024 00:00:00 GMT+0300 (Moscow Standard Time)";"-";"55.793126";"37.577948"
"Лужнецкий пр-д, д.1А, стр. 2";"ТС";"23.12.2024";"Спортивная";"Лунь 73т";"115495";"-";"не назначено";"53720";"-";"Дрянова Людмила Ивановна (8-903-191-46-94)";"Fri Dec 27 2024 00:00:00 GMT+0300 (Moscow Standard Time)";"-";"55.7263317";"37.560451"
"Ленинградский проспект, д.71 А";"ТС";"23.12.2024";"Сокол";"Лунь 73т";"116195";"-";"не назначено";"53729";"-";"Иванова Светлаа Александровна (8-963-606-70-00)";"Tue Dec 24 2024 00:00:00 GMT+0300 (Moscow Standard Time)";"-";"55.8039703";"37.5149588"
"Фестивальная ул., д.8А, соор.1";"ТС";"21.12.2024";"Речной вокзал";"Лунь 73т";"117617";"-";"не назначено";"53734";"-";"Кушнир Елена Ивановна (8-903-191-38-12";"Tue Dec 24 2024 00:00:00 GMT+0300 (Moscow Standard Time)";"-";"55.858124";"37.491440"
"Новопетровская ул., д.6 А";"ТС";"22.12.2024";"Войковская";"Лунь 73т";"116356";"-";"не назначено";"53735";"-";"Иванова Светлаа Александровна (8-963-606-70-00)";"Tue Dec 24 2024 00:00:00 GMT+0300 (Moscow Standard Time)";"-";"55.8256822";"37.5173416"
"Ленинский просп., д. 64/2";"ТС";"25.12.2024";"Ленинский проспект";"Лунь 37т";"115488";"-";"не назначено";"53746";"-";"Дубинина Ольга Александровна (8-909-918-56-60)";"Fri Dec 27 2024 00:00:00 GMT+0300 (Moscow Standard Time)";"-";"55.6934383";"37.5521769"
"Нагатинская ул., д.2, соор.1";"ТС";"20.12.2024";"Нагатинская";"Лунь 73т";"116201";"-";"не назначено";"53763";"-";"Сядайкина Лариса Вячеславовна (8-909-918-56-10)";"Tue Dec 24 2024 00:00:00 GMT+0300 (Moscow Standard Time)";"-";"55.6813635";"37.6260922"
"Бирюлевская ул., д.9 А";"ТС";"21.12.2024";"Царицыно";"Лунь 73т";"114932";"-";"не назначено";"53780";"-";"Сядайкина Лариса Вячеславовна (8-909-918-56-10)";"Tue Dec 24 2024 00:00:00 GMT+0300 (Moscow Standard Time)";"-";"55.5985824";"37.6631194"
"Профсоюзная ул., д.88 Б";"ТС";"22.12.2024";"Калужская";"Лунь 37т";"117575";"-";"не назначено";"53782";"-";"Дубинина Ольга Александровна (8-909-918-56-60)";"Tue Dec 24 2024 00:00:00 GMT+0300 (Moscow Standard Time)";"-";"55.6502457";"37.5280766"
"Бескудниковски й б/р, д.36, к.4, стр.1";"ТС";"20.12.2024";"Селигерская";"Лунь 73т";"116093";"-";"не назначено";"53824";"-";"Иванова Светлаа Александровна (8-963-606-70-00)";"Tue Dec 24 2024 00:00:00 GMT+0300 (Moscow Standard Time)";"-";"55.873841";"37.553399"
"Шкулева ул., д.2А, стр.1Б/Н";"ТС";"22.12.2024";"Волжская";"NV 8321ТК ";"116473";"-";"не назначено";"192158";"-";"Сядайкина Лариса Вячеславовна (8-909-918-56-10)";"Tue Dec 24 2024 00:00:00 GMT+0300 (Moscow Standard Time)";"-";"55.69330100000001";"37.746235"
"Краснодарская ул., д.51, соор.1";"ТС";"22.12.2024";"Люблино";"NV 8321ТК ";"116178";"-";"не назначено";"192156";"-";"Сядайкина Лариса Вячеславовна (8-909-918-56-10)";"Tue Dec 24 2024 00:00:00 GMT+0300 (Moscow Standard Time)";"-";"55.676737";"37.765687"
"Рижский пр., д.6, корп.1";"ТС";"19.12.2024";"Рижская";"Лунь 37т";"116394";"-";"не назначено";"53799";"-";"Костюшин Андреей Владимирович (8-903-191-45-58)";"Fri Dec 20 2024 00:00:00 GMT+0300 (Moscow Standard Time)";"-";"55.8148861";"37.6614501"
"Мира проспект, д.93";"ТС";"19.12.2024";"проспект Мира";"Лунь 37т";"116221";"-";"не назначено";"53805";"-";"Костюшин Андреей Владимирович (8-903-191-45-58)";"Fri Dec 20 2024 00:00:00 GMT+0300 (Moscow Standard Time)";"Нужна антена акл, 15 м, + короб 15 м, сверла для прохода через стены или дверной косяк";"55.807864";"37.636424"
"Мира пр-т, д. 81";"ТС";"19.12.2024";"Алексеевская";"Лунь 37т";"116159";"-";"не назначено";"53825";"-";"Костюшин Андреей Владимирович (8-903-191-45-58)";"Fri Dec 20 2024 00:00:00 GMT+0300 (Moscow Standard Time)";"УСТОНОВИЛИ АКЛ 900";"55.801231";"37.634203"
"Б.Патриарший пер., вл.7, соор.1";"ТС";"24.12.2024";"Пушкинская";"Лунь 73т";"116076";"-";"не назначено";"53690";"-";"Суровая Татьяна Николаевна (8-903-191-41-77)";"Fri Dec 27 2024 00:00:00 GMT+0300 (Moscow Standard Time)";"-";"55.76351709999999";"37.5933081"
"Хамовнический Вал, д.24, стр.3";"ТС";"23.12.2024";"Лужники";"Лунь 73т";"116464";"-";"не назначено";"53684";"-";"Дрянова Людмила Ивановна (8-903-191-46-94)";"Fri Dec 27 2024 00:00:00 GMT+0300 (Moscow Standard Time)";"-";"55.7195028";"37.5704463"
"Академика Курчатова ул., д.2";"ТС";"24.12.2024";"Щукинская";"Лунь 73т ";"114906";"-";"не назначено";"53697";"-";"Кушнир Елена Ивановна (8-903-191-38-12";"Fri Dec 27 2024 00:00:00 GMT+0300 (Moscow Standard Time)";"-";"55.801491";"37.474893"
"Вятская ул., д. 39, стр.2";"ТС";"24.12.2024";"Савеловская";"Лунь 73т";"116112";"-";"не назначено";"53705";"-";"Иванова Светлаа Александровна (8-963-606-70-00)";"Fri Dec 27 2024 00:00:00 GMT+0300 (Moscow Standard Time)";"-";"55.79911449999999";"37.5816732"
"Новослободская ул., д.73/68, стр. 5";"ТС";"24.12.2024";"Савеловская";"Лунь 73т";"116213";"-";"не назначено";"53706";"-";"Дрянова Людмила Ивановна (8-903-191-46-94)";"Fri Dec 27 2024 00:00:00 GMT+0300 (Moscow Standard Time)";"-";"55.79071570000001";"37.58940760000001"
"Москва, Тимирязевская ул., д. 17А, стр.1";"ТС";"24.12.2024";"Тимирязевская";"Лунь 73т";"117634";"-";"не назначено";"53707";"-";"Иванова Светлаа Александровна (8-963-606-70-00)";"Fri Dec 27 2024 00:00:00 GMT+0300 (Moscow Standard Time)";"-";"55.81186";"37.5670486"
"Конюшковская ул., д.29 стр.1";"ТС";"24.12.2024";"Краснопресненская";"Лунь 73т";"116171";"-";"не назначено";"53714";"-";"Дрянова Людмила Ивановна (8-903-191-46-94)";"Fri Dec 27 2024 00:00:00 GMT+0300 (Moscow Standard Time)";"-";"55.7595554";"37.577792"
"Серафимовича ул., д. 5/16";"ТС";"24.12.2024";"Третьяковская";"Лунь 37т";"117583";"-";"не назначено";"53716";"-";"Суровая Татьяна Николаевна (8-903-191-41-77)";"Fri Dec 27 2024 00:00:00 GMT+0300 (Moscow Standard Time)";"-";"55.7449485";"37.6150255"
"Косыгина ул.,вл. 29";"ТС";"25.12.2024";"Воробьёвы горы";"Лунь 73т";"115452";"-";"не назначено";"53726";"-";"Дрянова Людмила Ивановна (8-903-191-46-94)";"Fri Dec 27 2024 00:00:00 GMT+0300 (Moscow Standard Time)";"-";"55.7101379";"37.5384577"
"Михалковская ул., д. 28";"ТС";"22.12.2024";"Коптево";"Лунь 73т";"116165";"-";"не назначено";"53728";"-";"Иванова Светлаа Александровна (8-963-606-70-00)";"Tue Dec 24 2024 00:00:00 GMT+0300 (Moscow Standard Time)";"-";"55.8404028";"37.5257633"
"Малая Филевская ул., д.11, соор.2";"ТС";"22.12.2024";"Пионерская";"Лунь 73т";"116122";"-";"не назначено";"53730";"-";"Кушнир Елена Ивановна (8-903-191-38-12";"Tue Dec 24 2024 00:00:00 GMT+0300 (Moscow Standard Time)";"-";"55.7365834";"37.4677501"
"Ленинградское ш., д.112/1, соор.1";"ТС";"21.12.2024";"Беломорская";"Лунь 73т";"116197";"-";"не назначено";"53732";"-";"Кушнир Елена Ивановна (8-903-191-38-12";"Tue Dec 24 2024 00:00:00 GMT+0300 (Moscow Standard Time)";"-";"55.86370059999999";"37.4655006"
"Барклая ул., д.7, корп.1";"ТС";"22.12.2024";"Багратионовская";"Лунь 73т";"114925";"-";"не назначено";"53750";"-";"Кушнир Елена Ивановна (8-903-191-38-12";"Tue Dec 24 2024 00:00:00 GMT+0300 (Moscow Standard Time)";"-";"55.7405781";"37.5014756"
"Каширское ш., д.42Б, стр.1";"ТС";"20.12.2024";"Каширская";"Лунь 73т";"115450";"-";"не назначено";"53754";"-";"Сядайкина Лариса Вячеславовна (8-909-918-56-10)";"Tue Dec 24 2024 00:00:00 GMT+0300 (Moscow Standard Time)";"-";"55.6478921";"37.6617569"
"Горбунова ул., д.3, стр.3";"ТС";"21.12.2024";"Молодёжная";"Лунь 73т";"115422";"-";"не назначено";"53766";"-";"Дубинина Ольга Александровна (8-909-918-56-60)";"Tue Dec 24 2024 00:00:00 GMT+0300 (Moscow Standard Time)";"-";"55.724474";"37.398078"
"Барклая ул., д.20 А";"ТС";"22.12.2024";"Багратионовская";"Лунь 73т";"114928";"-";"не назначено";"53783";"-";"Кушнир Елена Ивановна (8-903-191-38-12";"Tue Dec 24 2024 00:00:00 GMT+0300 (Moscow Standard Time)";"-";"55.7508468";"37.493378"
"Миклухо-Маклая ул., д.24 А";"ТС";"22.12.2024";"Беляево";"Лунь 37т";"116214";"-";"не назначено";"53787";"-";"Дубинина Ольга Александровна (8-909-918-56-60)";"Tue Dec 24 2024 00:00:00 GMT+0300 (Moscow Standard Time)";"Требуется АКЛ900 12 метров кабеля. ";"55.6379029";"37.5364689"
"Шверника ул., д.13, корп.1, стр.1";"ТС";"22.12.2024";"Крымская";"Лунь 73т";"116469";"-";"не назначено";"53802";"-";"Дубинина Ольга Александровна (8-909-918-56-60)";"Tue Dec 24 2024 00:00:00 GMT+0300 (Moscow Standard Time)";"-";"55.6918351";"37.5883355"
"Люблинская ул., д. 50, стр.1";"ТС";"22.12.2024";"Текстильщики";"NV 8321ТК ";"116121";"-";"не назначено";"192155";"-";"Сядайкина Лариса Вячеславовна (8-909-918-56-10)";"Tue Dec 24 2024 00:00:00 GMT+0300 (Moscow Standard Time)";"-";"55.6793327";"37.737987"
"Миусская пл., вл. 1, соор. 1";"ТС";"25.12.2024";"Новослободская";"Лунь 73т";"116161";"-";"не назначено";"53683";"-";"Дрянова Людмила Ивановна (8-903-191-46-94)";"Fri Dec 27 2024 00:00:00 GMT+0300 (Moscow Standard Time)";"нужна АКЛ и провод 20 м ";"55.7769182";"37.5903629"
"Петровка ул., д.30/7";"ТС";"25.12.2025";"Пушкинская";"Лунь 73т";"116892";"-";"не назначено";"53711";"-";"Суровая Татьяна Николаевна (8-903-191-41-77)";"Fri Dec 27 2024 00:00:00 GMT+0300 (Moscow Standard Time)";"-";"55.7680942";"37.6146466"
"Манежная ул., д. 2-10, соор.1";"ТС";"25.12.2024";"Александровский сад";"Лунь 73т";"116124";"-";"не назначено";"53713";"-";"Суровая Татьяна Николаевна (8-903-191-41-77)";"Fri Dec 27 2024 00:00:00 GMT+0300 (Moscow Standard Time)";"-";"55.751340";"37.612290"
"Мароновский пер., д.10";"ТС";"26.12.2024";"Октябрьская";"Лунь 37т";"116127";"-";"не назначено";"53727";"-";"Дрянова Людмила Ивановна (8-903-191-46-94)";"Fri Dec 27 2024 00:00:00 GMT+0300 (Moscow Standard Time)";"Требуется установка АКЛ 900 12 метров кабеля связь не очень";"55.73460069999999";"37.60975070000001"
"Ленинский просп., вл.8,соор.А";"ТС";"26.12.2024";"Октябрьская";"Лунь 37т";"115484";"-";"не назначено";"53742";"-";"Дрянова Людмила Ивановна (8-903-191-46-94)";"Fri Dec 27 2024 00:00:00 GMT+0300 (Moscow Standard Time)";"-";"55.722061";"37.600585"
"Профсоюзная ул., д.59 А";"ТС";"22.12.2024";"Калужская";"Лунь 37т";"116384";"-";"не назначено";"53752";"-";"Дубинина Ольга Александровна (8-909-918-56-60)";"Tue Dec 24 2024 00:00:00 GMT+0300 (Moscow Standard Time)";"Требуется установка АКЛ900 20 метров кабеля.  ";"55.658691";"37.5481409"
"МЖД, Белорусское напр., 6-й км., д.4, м Фили 4-й выход";"ТС";"22.12.2024";"Фили";"Лунь 73т";"116211";"-";"не назначено";"53755";"-";"Кушнир Елена Ивановна (8-903-191-38-12";"Tue Dec 24 2024 00:00:00 GMT+0300 (Moscow Standard Time)";"-";"53.709807";"27.953389"
"Подольских курсантов ул.,д. 24Б,стр.1";"ТС";"21.12.2024";"Пражская";"Лунь 73т";"117570";"-";"не назначено";"53779";"-";"Сядайкина Лариса Вячеславовна (8-909-918-56-10)";"Tue Dec 24 2024 00:00:00 GMT+0300 (Moscow Standard Time)";"-";"55.59699209999999";"37.6341725"
"Мира проспект, д.119, стр.609";"ТС";"20.12.2024";"ВДНХ";"Лунь 37т";"116145";"-";"не назначено";"53788";"-";"Костюшин Андреей Владимирович (8-903-191-45-58)";"Tue Dec 24 2024 00:00:00 GMT+0300 (Moscow Standard Time)";"-";"55.8270158";"37.6403427"
"Гоголевский бульвар (напротив д. 15)";"ОС и ТС";"25.12.2024";"Кропоткинская";"GPS/ГЛОНАСС трекер";"119864";"-";"не назначено";"138594";"-";"Кадыров Александр Николаевич (8-929-541-37-64)";"Fri Dec 27 2024 00:00:00 GMT+0300 (Moscow Standard Time)";"-";"55.7476503";"37.600158"
"площадь возле ст. м. Новокузнецкая";"ОС и ТС";"25.12.2024";"Новокузнецкая";"GPS/ГЛОНАСС трекер";"120207";"-";"не назначено";"138603";"-";"Кадыров Александр Николаевич (8-929-541-37-64)";"Fri Dec 27 2024 00:00:00 GMT+0300 (Moscow Standard Time)";"-";"55.74230859999999";"37.6286245"
"метро Красные Ворота, Боярский переулок, д. 1";"ОС и ТС";"24.12.2024";"Красные ворота";"GPS/ГЛОНАСС трекер";"120019";"-";"не назначено";"138616";"-";"Кадыров Александр Николаевич (8-929-541-37-64)";"Fri Dec 27 2024 00:00:00 GMT+0300 (Moscow Standard Time)";"-";"55.767936";"37.6465227"
"1-й Капотнинский пр-д, д.12 А";"ТС";"28/12.2024";"Братиславская";"Nord ";"114853";"-";"не назначено";"138814";"-";"Сядайкина Лариса Вячеславовна (8-909-918-56-10)";"заявка 28.12";"подвал надо норд с акл 900 видео терехов скинул с объекта ";"55.6385782";"37.792864"
"Славянский б-р, д.13, соор.7";"ТС";"24.12.2024";"Славянский бульвар";"Лунь 73т";"117589";"-";"не назначено";"53722";"-";"Кушнир Елена Ивановна (8-903-191-38-12";"Fri Dec 27 2024 00:00:00 GMT+0300 (Moscow Standard Time)";"-";"55.726994";"37.4735018"
"Тверская площадь (Тверской проезд, напротив д. 8)";"ОС и ТС";"26.12.2024";"Тверская";"GPS/ГЛОНАСС трекер";"120214";"-";"не назначено";"138591";"-";"Кадыров Александр Николаевич (8-929-541-37-64)";"Fri Dec 27 2024 00:00:00 GMT+0300 (Moscow Standard Time)";"-";"55.7622478";"37.6102915"
"Пушкинская площадь (за памятником А.С. Пушкину)";"ОС и ТС";"26.12.2024";"Пушкинская";"GPS/ГЛОНАСС трекер";"120209";"-";"не назначено";"138592";"-";"Кадыров Александр Николаевич (8-929-541-37-64)";"Fri Dec 27 2024 00:00:00 GMT+0300 (Moscow Standard Time)";"-";"55.766007";"37.6057221"
"Никитский бульвар (напротив д. 12А)";"ОС и ТС";"25.12.2025";"Арбатская";"GPS/ГЛОНАСС трекер";"120034";"-";"не назначено";"138595";"-";"Кадыров Александр Николаевич (8-929-541-37-64)";"Fri Dec 27 2024 00:00:00 GMT+0300 (Moscow Standard Time)";"-";"55.7552733";"37.5996879"
"Гоголевский бульвар (напротив д. 3)";"ОС и ТС";"26.12.2024";"Кропоткинская";"GPS/ГЛОНАСС трекер";"119847";"-";"не назначено";"138596";"-";"Кадыров Александр Николаевич (8-929-541-37-64)";"Fri Dec 27 2024 00:00:00 GMT+0300 (Moscow Standard Time)";"-";"55.7476503";"37.600158"
"ул. Арбат, д. 37";"ОС и ТС";"26.12.2024";"Смоленская";"GPS/ГЛОНАСС трекер";"120217";"-";"не назначено";"138597";"-";"Кадыров Александр Николаевич (8-929-541-37-64)";"Fri Dec 27 2024 00:00:00 GMT+0300 (Moscow Standard Time)";"-";"55.7490454";"37.5904323"
"Пушкинская площадь (за памятником А.С. Пушкину)";"ОС и ТС";"25.12.2024";"Пушкинская";"GPS/ГЛОНАСС трекер";"120230";"-";"не назначено";"138599";"-";"Кадыров Александр Николаевич (8-929-541-37-64)";"Fri Dec 27 2024 00:00:00 GMT+0300 (Moscow Standard Time)";"-";"55.766007";"37.6057221"
"Киевский вокзал, павильон МЦД, ул. Киевская, д. 2";"ОС и ТС";"25.12.2024";"Киевская";"GPS/ГЛОНАСС трекер";"119771";"-";"не назначено";"138600";"-";"Кадыров Александр Николаевич (8-929-541-37-64)";"Fri Dec 27 2024 00:00:00 GMT+0300 (Moscow Standard Time)";"-";"55.742917";"37.5619187"
"Зубовский бульвар, д. 5, стр.1";"ОС и ТС";"25.12.2024";"Парк культуры";"GPS/ГЛОНАСС трекер";"119868";"-";"не назначено";"138601";"-";"Кадыров Александр Николаевич (8-929-541-37-64)";"Fri Dec 27 2024 00:00:00 GMT+0300 (Moscow Standard Time)";"-";"55.7348854";"37.5925209"
"Ул. Красная Пресня, возле ст. м. Краснопресненс кая";"ОС и ТС";"25.12.2024";"Краснопресненская";"GPS/ГЛОНАСС трекер";"120224";"-";"не назначено";"138602";"-";"Кадыров Александр Николаевич (8-929-541-37-64)";"Fri Dec 27 2024 00:00:00 GMT+0300 (Moscow Standard Time)";"-";"55.7618632";"37.569776"
"Болотная ул. д. 18";"ОС и ТС";"25.12.2024";"Третьяковская";"GPS/ГЛОНАСС трекер";"119776";"-";"не назначено";"138604";"-";"Кадыров Александр Николаевич (8-929-541-37-64)";"Fri Dec 27 2024 00:00:00 GMT+0300 (Moscow Standard Time)";"-";"55.74600599999999";"37.6207885"
"метро Красные Ворота, СадоваяСпасская улица, д. 21/1";"ОС и ТС";"24.12.2024";"Красные ворота";"GPS/ГЛОНАСС трекер";"120030";"-";"не назначено";"138619";"-";"Кадыров Александр Николаевич (8-929-541-37-64)";"Fri Dec 27 2024 00:00:00 GMT+0300 (Moscow Standard Time)";"-";"55.769733";"37.650135"
"Петровский бульвар (напротив д. 29 стр.1 по ул. Неглинная)";"ОС и ТС";"26.12.2024";"Трубная";"GPS/ГЛОНАСС трекер";"120206";"-";"не назначено";"138788";"-";"Кадыров Александр Николаевич (8-929-541-37-64)";"Fri Dec 27 2024 00:00:00 GMT+0300 (Moscow Standard Time)";"-";"55.7631418";"37.6200007"
"Кузнецкий мост, д. 22, стр.4 (ул. Рождественка, вл. 7-9)";"ОС и ТС";"26.12.2024";"Кузнецкий мост";"GPS/ГЛОНАСС трекер";"119967";"-";"не назначено";"138789";"-";"Кадыров Александр Николаевич (8-929-541-37-64)";"Fri Dec 27 2024 00:00:00 GMT+0300 (Moscow Standard Time)";"-";"55.7615134";"37.6244605"
"м. Театральная (Театральная площадь)";"ОС и ТС";"26.12.2024";"Театральная";"GPS/ГЛОНАСС трекер";"120002";"-";"не назначено";"138791";"-";"Кадыров Александр Николаевич (8-929-541-37-64)";"Fri Dec 27 2024 00:00:00 GMT+0300 (Moscow Standard Time)";"-";"55.757535";"37.619188"
"Парк Зарядье (Москворецкая ул. на пересечении с Москворецкой набережной)";"ОС и ТС";"26.12.2024";"Китай-Город";"GPS/ГЛОНАСС трекер";"119751";"-";"не назначено";"138795";"-";"Кадыров Александр Николаевич (8-929-541-37-64)";"Fri Dec 27 2024 00:00:00 GMT+0300 (Moscow Standard Time)";"*";"55.7514578";"37.6287988"
"Лубянский проезд, д. 15, стр.2";"ОС и ТС";"26.12.2024";"Китай-Город";"GPS/ГЛОНАСС трекер";"120001";"-";"не назначено";"138797";"-";"Кадыров Александр Николаевич (8-929-541-37-64)";"Fri Dec 27 2024 00:00:00 GMT+0300 (Moscow Standard Time)";"*";"55.75670599999999";"37.6323888"
"Профсоюзная ул., д.19";"ТС";"22.12.2024";"Профсоюзная";"Лунь 37т";"116374";"-";"назначено";"53775";"претека";"Дубинина Ольга Александровна (8-909-918-56-60)";"Tue Dec 24 2024 00:00:00 GMT+0300 (Moscow Standard Time)";"Требуется установка АКЛ 900 20 метров кабеля. ";"55.67849099999999";"37.564241"
"Ангарская ул., д.42, стр.2";"ТС";"20.12.2024";"Яхромская";"Лунь 73т";"116043";"-";"назначено";"53838";"канаев";"Иванова Светлаа Александровна (8-963-606-70-00)";"Tue Dec 24 2024 00:00:00 GMT+0300 (Moscow Standard Time)";"-";"55.8858307";"37.5279282"
"Ленинский просп., д. 43";"ТС";"25.12.2024";"Октябрьская";"Лунь 37т";"115486";"-";"назначено";"53731";"претека";"Дубинина Ольга Александровна (8-909-918-56-60)";"Fri Dec 27 2024 00:00:00 GMT+0300 (Moscow Standard Time)";"Требуется установка АКЛ 900 12 метров кабеля связь не очень";"55.728292";"37.609461"
"1-й Донской пр-д, д.4";"ТС";"25.12.2024";"Шаболовская";"Лунь 37т";"115975";"-";"назначено";"53741";"претека";"Дрянова Людмила Ивановна (8-903-191-46-94)";"Fri Dec 27 2024 00:00:00 GMT+0300 (Moscow Standard Time)";"нужен автомат 10 ампер и антенна АКЛ";"55.716377";"37.603379"
"Кржижановског о ул., д.27";"ТС";"22.12.2024";"Профсоюзная";"Лунь 37т";"115477";"-";"назначено";"53785";"назначен ";"Дубинина Ольга Александровна (8-909-918-56-60)";"Tue Dec 24 2024 00:00:00 GMT+0300 (Moscow Standard Time)";"Требуется установка АКЛ900 30 метров кабеля.  ";"55.676604";"37.580304"
"Измайловский пр-т, д.60, стр.1";"ТС";"22.12.2024";"Первомайская";"Лунь 73т";"115446";"-";"назначено";"53804";"николаев 17.03.2025";"Сапленкова Ирина Александровна (8-909-684-90-80)";"Tue Dec 24 2024 00:00:00 GMT+0300 (Moscow Standard Time)";"-";"55.7878426";"37.8002329"
"Яузский бульвар (напротив д. 16- 18с4-4А";"ОС и ТС";"25.12.2024";"Китай-Город";"GPS/ГЛОНАСС трекер";"120238";"-";"назначено";"138614";"клюев 17.03.2025";"Кадыров Александр Николаевич (8-929-541-37-64)";"Fri Dec 27 2024 00:00:00 GMT+0300 (Moscow Standard Time)";"*";"55.7515935";"37.6458242"
"Сретенский бульвар (напротив д. 2)";"ОС и ТС";"24.12.2024";"Тургеневская";"GPS/ГЛОНАСС трекер";"119752";"-";"назначено";"138617";"клюев 17.03.2025";"Кадыров Александр Николаевич (8-929-541-37-64)";"Fri Dec 27 2024 00:00:00 GMT+0300 (Moscow Standard Time)";"-";"55.7663012";"37.6337439"
"ул. Яузская (напротив д. 1/15 стр.2)";"ОС и ТС";"25.12.2024";"Китай-Город";"GPS/ГЛОНАСС трекер";"120233";"-";"назначено";"138618";"клюев 17.03.2025";"Кадыров Александр Николаевич (8-929-541-37-64)";"Fri Dec 27 2024 00:00:00 GMT+0300 (Moscow Standard Time)";"-";"55.749980";"37.642900"
"Люблинская ул., д. 4, соор.1";"ТС";"16.12.2024";"Текстильщики";"nord b312+акл 900";"116119";"-";"назначено";"138506";"коновалов";"Сядайкина Лариса Вячеславовна (8-909-918-56-10)";"Tue Dec 24 2024 00:00:00 GMT+0300 (Moscow Standard Time)";"-";"55.7072064";"37.7301514"
"Большая Семеновская ул., д. 50, стр. 2";"ТС";"20.12.2024";"Электрозаводская";"Лунь 73т";"116095";"-";"назначено";"53758";"клюев ";"Сапленкова Ирина Александровна (8-909-684-90-80)";"Tue Dec 24 2024 00:00:00 GMT+0300 (Moscow Standard Time)";"-";"55.780157";"37.717191"
"В. Красносельская ул., вл.17,соор.А";"ТС";"24.12.2024";"Красносельская";"Лунь 73т";"116098";"-";"назначено";"53689";"претека";"Суровая Татьяна Николаевна (8-903-191-41-77)";"Fri Dec 27 2024 00:00:00 GMT+0300 (Moscow Standard Time)";"Нужна антена акл, или мощнее";"55.782567";"37.663896"
"Госпитальная пл., д.2 А, соор.1";"ТС";"20.12.2024";"Лефортово";"Лунь 73т";"116143";"-";"назначено";"53748";"гагик";"Сапленкова Ирина Александровна (8-909-684-90-80)";"Tue Dec 24 2024 00:00:00 GMT+0300 (Moscow Standard Time)";"-";"55.766592";"37.699598"
"Б.Семеновская ул., д.20А";"ТС";"20.12.2024";"Электрозаводская";"Лунь 73т";"114922";"-";"назначено";"53760";"гагик";"Сапленкова Ирина Александровна (8-909-684-90-80)";"Tue Dec 24 2024 00:00:00 GMT+0300 (Moscow Standard Time)";"-";"55.78144390000001";"37.705942"
"Земляной вал ул., д.1/4, стр. 1";"ТС";"23.12.2024";"Курская";"Лунь 73т";"115437";"-";"назначено";"53747";"коновалов";"Суровая Татьяна Николаевна (8-903-191-41-77)";"Tue Dec 24 2024 00:00:00 GMT+0300 (Moscow Standard Time)";"-";"55.763675";"37.657457"
"Б. Черкизовская ул., д. 19";"ТС";"19.12.2024";"Черкизовская";"Nv 8321tk";"116068";"-";"назначено";"192166";"претека";"Сапленкова Ирина Александровна (8-909-684-90-80)";"Fri Dec 20 2024 00:00:00 GMT+0300 (Moscow Standard Time)";"-";"55.7960145";"37.7390736"
"Ленинский просп., д.75/9";"ТС";"25.12.2024";"Новаторская";"Лунь 73т";"115490";"-";"назначено";"53745";"терехов";"Дубинина Ольга Александровна (8-909-918-56-60)";"Fri Dec 27 2024 00:00:00 GMT+0300 (Moscow Standard Time)";"-";"55.6869411";"37.5447949"
"Наташи Ковшовой ул., д.6 А";"ТС";"21.12.2024";"Аминьевская";"Лунь 73 т";"116209";"-";"назначено";"53770";"терехов";"Дубинина Ольга Александровна (8-909-918-56-60)";"Tue Dec 24 2024 00:00:00 GMT+0300 (Moscow Standard Time)";"-";"55.683082";"37.451743"
"Мусы Джалиля ул., д.22";"ТС";"21.12.2024";"Шипиловская";"Лунь 73 т";"116227";"-";"назначено";"53771";"терехов";"Сядайкина Лариса Вячеславовна (8-909-918-56-10)";"Tue Dec 24 2024 00:00:00 GMT+0300 (Moscow Standard Time)";"-";"55.6230445";"37.7422125"
"Генерала Белова ул., д.27, соор.2";"ТС";"21.12.2024";"Домодедовская";"Лунь 73т";"115419";"-";"назначено";"53777";"терехов";"Сядайкина Лариса Вячеславовна (8-909-918-56-10)";"Tue Dec 24 2024 00:00:00 GMT+0300 (Moscow Standard Time)";"-";"55.6156729";"37.7214079"
"Ленинский просп., д.88, стр.2";"ТС";"25.12.2024";"Новаторская";"Лунь 73т";"115491";"-";"назначено";"53719";"терехов";"Дубинина Ольга Александровна (8-909-918-56-60)";"Fri Dec 27 2024 00:00:00 GMT+0300 (Moscow Standard Time)";"-";"55.6768681";"37.5235737"
"Гарибальди ул., д.3, соор.1";"ТС";"25.12.2024";"Новаторская";"Лунь 73т";"116135";"-";"назначено";"53744";"терехов";"Дубинина Ольга Александровна (8-909-918-56-60)";"Fri Dec 27 2024 00:00:00 GMT+0300 (Moscow Standard Time)";"Требуется АКЛ 900 15 метров кабеля. Плохая связь.";"55.677787";"37.5359097"
"Матвеевская ул., вл.1 Б";"ТС";"21.12.2024";"Аминьевская";"Лунь 73 т";"116134";"-";"назначено";"53753";"терехов";"Дубинина Ольга Александровна (8-909-918-56-60)";"Tue Dec 24 2024 00:00:00 GMT+0300 (Moscow Standard Time)";"-";"55.7041365";"37.479688"
"Ереванская ул., д.17 А";"ТС";"21.12.2024";"Кантемировская";"Лунь 73т";"115431";"-";"назначено";"53769";"терехов";"Сядайкина Лариса Вячеславовна (8-909-918-56-10)";"Tue Dec 24 2024 00:00:00 GMT+0300 (Moscow Standard Time)";"Плохая связь по МТС, теле 2 полная шкала, если мутить с антенной, то метровый бур, высота примерно 2.5 - 3 ну и уличная антенна";"55.63041330000001";"37.6726095"
"Домодедовская ул., д.23 А";"ТС";"21.12.2024";"Домодедовская";"Лунь 73т";"116158";"-";"назначено";"53778";"терехов";"Сядайкина Лариса Вячеславовна (8-909-918-56-10)";"Tue Dec 24 2024 00:00:00 GMT+0300 (Moscow Standard Time)";"-";"55.605759";"37.7128624"
"Андропова пр-т., д.27, соор.1";"ТС";"20.12.2024";"Коломенская";"Лунь 73т";"116054";"-";"назначено";"53772";"терехов";"Сядайкина Лариса Вячеславовна (8-909-918-56-10)";"Tue Dec 24 2024 00:00:00 GMT+0300 (Moscow Standard Time)";"-";"55.676303";"37.665443"
"Андропова пр-т, д.30 корп.2";"ТС";"20.12.2024";"Коломенская";"Лунь 73т";"116050";"-";"назначено";"53774";"терехов";"Сядайкина Лариса Вячеславовна (8-909-918-56-10)";"Tue Dec 24 2024 00:00:00 GMT+0300 (Moscow Standard Time)";"-";"55.679099";"37.6624709"
"Адмирала Лазарева ул.,вл.17,стр.2";"ТС";"23.12.2024";"улица Горчакова";"Лунь 73т";"116028";"-";"назначено";"53694";"терехов";"Сядайкина Лариса Вячеславовна (8-909-918-56-10)";"Fri Dec 27 2024 00:00:00 GMT+0300 (Moscow Standard Time)";"-";"55.544484";"37.537371"
"Покровский бульвар, вл.10, стр. 7";"ТС";"25.12.2024";"Китай-Город";"Лунь 37т";"116367";"-";"назначено";"53813";"коновалов";"Суровая Татьяна Николаевна (8-903-191-41-77)";"Fri Dec 27 2024 00:00:00 GMT+0300 (Moscow Standard Time)";"-";"55.7559851";"37.6477834"
"Покровка ул., д.19";"ТС";"25.12.2024";"Китай-Город";"Лунь 37т";"117571";"-";"назначено";"53815";"коновалов";"Суровая Татьяна Николаевна (8-903-191-41-77)";"Fri Dec 27 2024 00:00:00 GMT+0300 (Moscow Standard Time)";"-";"55.7598512";"37.6462926"
"Вернадского пр-т, вл.105 Б";"ТС";"25.12.2024";"Юго-Западная";"Лунь 73т";"114939";"-";"назначено";"53724";"гагик";"Дубинина Ольга Александровна (8-909-918-56-60)";"Fri Dec 27 2024 00:00:00 GMT+0300 (Moscow Standard Time)";"Требуется АКЛ 900 15 метров кабеля. Плохая связь";"55.6630186";"37.4854223"
"Мичуринский прт,Олимпийская дер.д.4,к.2";"ТС";"21.12.2024";"Проспект Вернадского";"Лунь 73т";"116198";"-";"назначено";"53762";"гагик";"Дубинина Ольга Александровна (8-909-918-56-60)";"Tue Dec 24 2024 00:00:00 GMT+0300 (Moscow Standard Time)";"-";"55.6753841";"37.4641527"
"Б. Черкасский пер., д.13, стр. 3";"ТС";"25.12.2024";"Китай-город";"Лунь 37т";"116060";"-";"назначено";"53693";"коновалов";"Суровая Татьяна Николаевна (8-903-191-41-77)";"Fri Dec 27 2024 00:00:00 GMT+0300 (Moscow Standard Time)";"-";"55.756839";"37.6278529"
"Кремлевский пр-д, д.1, соор.1";"ТС";"25.12.2024";"Охотный ряд";"Лунь 73т";"117632";"-";"назначено";"53687";"претека";"Суровая Татьяна Николаевна (8-903-191-41-77)";"Fri Dec 27 2024 00:00:00 GMT+0300 (Moscow Standard Time)";"Связи нет! Подвал. Дла работоспособности необходимо: 1 Акл 900 1 шт 2 кабель 20м Пигтейлы";"55.75489529999999";"37.6175894"
"Моховая ул., д. 10, стр. 8";"ТС";"25.12.2024";"Библиотека имени Ленина";"Лунь 73т";"116225";"-";"назначено";"53691";"претека";"Суровая Татьяна Николаевна (8-903-191-41-77)";"Fri Dec 27 2024 00:00:00 GMT+0300 (Moscow Standard Time)";"-";"55.750900";"37.610251"
"СадоваяЧерногрязская ул., 5/9";"ТС";"24.12.2024";"Красные Ворота";"Лунь 73т";"117580";"-";"назначено";"53819";"претека ";"Суровая Татьяна Николаевна (8-903-191-41-77)";"Fri Dec 27 2024 00:00:00 GMT+0300 (Moscow Standard Time)";"-";"55.7667478";"37.65303110000001"
"Красная площадь, д.1, соор.1";"ТС";"25.12.2024";"Охотный ряд";"Лунь 73т";"115455";"-";"назначено";"53692";"претека";"Суровая Татьяна Николаевна (8-903-191-41-77)";"Fri Dec 27 2024 00:00:00 GMT+0300 (Moscow Standard Time)";"Бункер связи нет.  Акл 900 1 шт Кабель 30 метров Каб канал 16х16 30 метров Работы по гранитной плитке";"55.7538068";"37.6224513"
"Анадырский прд, д.8, стр.1";"ТС";"19.12.2024";"Бабушкинская";"Лунь 73т";"116037";"-";"назначено";"53817";"ковалев";"Костюшин Андреей Владимирович (8-903-191-45-58)";"Fri Dec 20 2024 00:00:00 GMT+0300 (Moscow Standard Time)";"-";"55.8635082";"37.6827135"
"Анадырский прд, д. 64";"ТС";"19.12.2024";"Медведково";"Лунь 73т";"116034";"-";"назначено";"53818";"ковалев";"Костюшин Андреей Владимирович (8-903-191-45-58)";"Fri Dec 20 2024 00:00:00 GMT+0300 (Moscow Standard Time)";"-";"55.8823043";"37.7139375"
"Ярославское шоссе, д.50";"ТС";"19.12.2024";"Ботанический сад";"Лунь 73т";"116484";"-";"назначено";"53823";"ковалев";"Костюшин Андреей Владимирович (8-903-191-45-58)";"Fri Dec 20 2024 00:00:00 GMT+0300 (Moscow Standard Time)";"-";"55.8633502";"37.7031645"
"Летчика Бабушкина ул., д.30 А";"ТС";"19.12.2024";"Бабушкинская";"Лунь 73т";"115494";"-";"назначено";"53831";"ковалев";"Костюшин Андреей Владимирович (8-903-191-45-58)";"Fri Dec 20 2024 00:00:00 GMT+0300 (Moscow Standard Time)";"-";"55.8703237";"37.6777739"
"Михалковская ул., д.2, стр.2";"ТС";"21.12.2024";"Петровско-Разумовская";"Лунь 73т";"116223";"-";"назначено";"53733";"ковалев";"Иванова Светлаа Александровна (8-963-606-70-00)";"Tue Dec 24 2024 00:00:00 GMT+0300 (Moscow Standard Time)";"-";"55.8373815";"37.53888"
"Тимирязевская ул., д.56, соор.3";"ТС";"22.12.2024";"Петровско-Разумовская";"Лунь 73т";"116422";"-";"назначено";"53743";"-";"Иванова Светлаа Александровна (8-963-606-70-00)";"Tue Dec 24 2024 00:00:00 GMT+0300 (Moscow Standard Time)";"-";"55.833863";"37.550904"
"Дубнинская ул., д.12, соор.1";"ТС";"20.12.2024";"Отрадное";"Лунь 73т";"115428";"-";"назначено";"53832";"канаев";"Иванова Светлаа Александровна (8-963-606-70-00)";"Tue Dec 24 2024 00:00:00 GMT+0300 (Moscow Standard Time)";"-";"55.86393270000001";"37.5666333"
"Инженерная ул., д.1Б";"ТС";"20.12.2024";"Алтуфьево";"Лунь 73т";"116168";"-";"назначено";"53836";"канаев";"Костюшин Андреей Владимирович (8-903-191-45-58)";"Tue Dec 24 2024 00:00:00 GMT+0300 (Moscow Standard Time)";"-";"55.8782089";"37.5822112"
"1-я Останкинская ул., д.55 Д";"ТС";"20.12.2024";"ВДНХ";"Лунь 37т";"114861";"-";"назначено";"53789";"коновалов";"Костюшин Андреей Владимирович (8-903-191-45-58)";"Tue Dec 24 2024 00:00:00 GMT+0300 (Moscow Standard Time)";"-";"55.8243623";"37.6344679"
"Мира проспект., д.109,стр.1";"ТС";"20.12.2024";"ВДНХ";"Лунь 37т";"116152";"-";"назначено";"53806";"коновалов";"Костюшин Андреей Владимирович (8-903-191-45-58)";"Tue Dec 24 2024 00:00:00 GMT+0300 (Moscow Standard Time)";"-";"55.8186529";"37.6367662"
"Мира проспект, д. 123 Д";"ТС";"20.12.2024";"ВДНХ";"Лунь 37т";"116219";"-";"назначено";"53807";"коновалов";"Костюшин Андреей Владимирович (8-903-191-45-58)";"Tue Dec 24 2024 00:00:00 GMT+0300 (Moscow Standard Time)";"-";"55.8254739";"37.6437215"
"Мира проспект, д. 122, стр. 2";"ТС";"20.12.2024";"Алексеевская";"Лунь 37т";"116216";"-";"назначено";"53820";"ковалев";"Костюшин Андреей Владимирович (8-903-191-45-58)";"Tue Dec 24 2024 00:00:00 GMT+0300 (Moscow Standard Time)";"-";"55.81344379999999";"37.6389858"
"1-я Останкинская ул., д.1 Б";"ТС";"20.12.2024";"ВДНХ";"Лунь 37т";"115979";"-";"назначено";"53814";"коновалов";"Костюшин Андреей Владимирович (8-903-191-45-58)";"Tue Dec 24 2024 00:00:00 GMT+0300 (Moscow Standard Time)";"-";"55.8238772";"37.6164164"
"Полярная ул., д.10, стр.3";"ТС";"20.12.2024";"Бабушкинская";"Лунь 73т";"116370";"-";"назначено";"53837";"ковалев";"Костюшин Андреей Владимирович (8-903-191-45-58)";"Tue Dec 24 2024 00:00:00 GMT+0300 (Moscow Standard Time)";"-";"55.8744565";"37.63921190000001"
"Полярная ул., д.34 А";"ТС";"20.12.2024";"Медведково";"Лунь 73т";"117573";"-";"назначено";"53834";"ковалев";"Костюшин Андреей Владимирович (8-903-191-45-58)";"Tue Dec 24 2024 00:00:00 GMT+0300 (Moscow Standard Time)";"-";"55.88422740000001";"37.6434639"
"Широкая ул., д.14 А";"ТС";"22.12.2024";"Медведково";"Лунь 73т";"115957";"-";"назначено";"53835";"ковалев";"Костюшин Андреей Владимирович (8-903-191-45-58)";"Tue Dec 24 2024 00:00:00 GMT+0300 (Moscow Standard Time)";"-";"55.886923";"37.660117"
"Снежная ул., д.13, корп.3";"ТС";"19.12.2024";"Свиблово";"Лунь 73т";"117592";"-";"назначено";"53833";"ковалев";"Костюшин Андреей Владимирович (8-903-191-45-58)";"Fri Dec 20 2024 00:00:00 GMT+0300 (Moscow Standard Time)";"-";"55.852455";"37.645016"
"Варшавское шоссе, д.65, корп.1";"ТС";"23.12.2024";"Варшавская";"NV 8321ТК ";"114937";"-";"назначено";"53765";"николаев ";"Сядайкина Лариса Вячеславовна (8-909-918-56-10)";"Tue Dec 24 2024 00:00:00 GMT+0300 (Moscow Standard Time)";"-";"55.6696386";"37.6259847"
"Адмирала Лазарева ул., вл.17,стр.3";"ТС";"23.12.2024";"улица Горчакова";"Лунь 73т";"116022";"-";"назначено";"53695";"терехов";"Сядайкина Лариса Вячеславовна (8-909-918-56-10)";"Fri Dec 27 2024 00:00:00 GMT+0300 (Moscow Standard Time)";"-";"55.541372";"37.533616"
"26 Бакинских Комиссаров ул., д.7 корп. 6";"ТС";"25.12.2024";"Юго-западная";"Лунь 73т";"116007";"-";"назначено";"53701";"гагик";"Дубинина Ольга Александровна (8-909-918-56-60)";"Fri Dec 27 2024 00:00:00 GMT+0300 (Moscow Standard Time)";"-";"55.658862";"37.485714"
"Каширское ш., д.52, стр. 5";"ТС";"20.12.2024";"Каширская";"Лунь 73т";"115451";"-";"назначено";"53756";"николаев";"Сядайкина Лариса Вячеславовна (8-909-918-56-10)";"Tue Dec 24 2024 00:00:00 GMT+0300 (Moscow Standard Time)";"-";"55.64454079999999";"37.6654846"
"Рябиновая ул, д. 54";"ТС";"21.12.2024";"Говорово";"Лунь 73т";"116406";"-";"назначено";"53761";"гагик";"Дубинина Ольга Александровна (8-909-918-56-60)";"Tue Dec 24 2024 00:00:00 GMT+0300 (Moscow Standard Time)";"-";"55.6933819";"37.4262503"
"Днепропетровск ая ул., д.6, соор.2";"ТС";"21.12.2024";"Южная";"Лунь 73т";"116149";"-";"назначено";"53781";"гагик";"Сядайкина Лариса Вячеславовна (8-909-918-56-10)";"Tue Dec 24 2024 00:00:00 GMT+0300 (Moscow Standard Time)";"Нет сигнала, у дельты стоит акл900 в тамбуре, туалет подземный, нужен удлинитель для антенны, кабель канала метров 10";"55.623366";"37.598321"
"Куусинена ул., д.17 корп.2";"ТС";"23.12.2024";"Полежаевская";"Лунь 73т ";"116189";"-";"назначено";"53708";"насим";"Иванова Светлаа Александровна (8-963-606-70-00)";"Tue Dec 24 2024 00:00:00 GMT+0300 (Moscow Standard Time)";"-";"55.78561759999999";"37.5118752"
"Ленинградский проспект, д. 36, стр.59";"ТС";"17.12.2024";"Динамо";"Nv 8321tk";"117639";"-";"назначено";"192165";"дурновцев";"Иванова Светлаа Александровна (8-963-606-70-00)";"Wed Dec 18 2024 00:00:00 GMT+0300 (Moscow Standard Time)";"-";"55.7907449";"37.5601289"
"Ленинградский проспект, д. 33, стр.1";"ТС";"17.12.2024";"Динамо";"Nv 8321tk";"116192";"-";"назначено";"192159";"дурновцев";"Иванова Светлаа Александровна (8-963-606-70-00)";"Wed Dec 18 2024 00:00:00 GMT+0300 (Moscow Standard Time)";"-";"55.7866134";"37.5614079"
"Туристская ул, д. 8 стр 1";"ТС";"22.12.2024";"Сходненская";"Лунь 73т";"117613";"-";"назначено";"53737";"дурновцев";"Кушнир Елена Ивановна (8-903-191-38-12";"Tue Dec 24 2024 00:00:00 GMT+0300 (Moscow Standard Time)";"-";"55.8495167";"37.4233091"
"Химкинский бул, д. 16 стр. 6";"ТС";"22.12.2024";"Сходненская";"Лунь 73т";"117620";"-";"назначено";"53739";"дурновцев";"Кушнир Елена Ивановна (8-903-191-38-12";"Tue Dec 24 2024 00:00:00 GMT+0300 (Moscow Standard Time)";"Нужна акл";"55.85199679999999";"37.4426341"
"Щукинская ул., д. 5 А";"ТС";"21.12.2024";"Щукинская";"Лунь 73т ";"117627";"-";"назначено";"53801";"дурновцев";"Кушнир Елена Ивановна (8-903-191-38-12";"Tue Dec 24 2024 00:00:00 GMT+0300 (Moscow Standard Time)";"-";"55.807504";"37.477249"
"Красноармейска я, д.1 А. соор.1";"ТС";"17.12.2024";"Петровскай парк";"NV 8321ТК ";"116174";"-";"назначено";"192163";"насим";"Иванова Светлаа Александровна (8-963-606-70-00)";"Wed Dec 18 2024 00:00:00 GMT+0300 (Moscow Standard Time)";"-";"55.795104";"37.552292"
"Театральная аллея, д.1, стр.1";"ТС";"17.12.2024";"Петровский парк";"NV 8321ТК ";"116418";"-";"назначено";"192164";"дурновцев ";"Иванова Светлаа Александровна (8-963-606-70-00)";"Wed Dec 18 2024 00:00:00 GMT+0300 (Moscow Standard Time)";"-";"55.79197070000001";"37.5578625"
"Куусинена ул., д.8Б стр.1";"ТС";"23.12.2024";"Полежаевская";"Лунь 73т ";"116187";"-";"назначено";"53709";"дурновцев ";"Иванова Светлаа Александровна (8-963-606-70-00)";"Tue Dec 24 2024 00:00:00 GMT+0300 (Moscow Standard Time)";"-";"55.7889129";"37.5125737"
"Долгова ул., д.1, стр.5";"ТС";"22.12.2024";"Тушинская";"Лунь 73т";"116155";"-";"назначено";"53738";"насим";"Кушнир Елена Ивановна (8-903-191-38-12";"Tue Dec 24 2024 00:00:00 GMT+0300 (Moscow Standard Time)";"-";"55.829846";"37.454825"
"Красноказарменная ул., д. 6 А";"ТС";"20.12.2024";"Авиамоторная";"Лунь 73т";"115458";"-";"назначено";"53749";"клюев";"Сапленкова Ирина Александровна (8-909-684-90-80)";"Tue Dec 24 2024 00:00:00 GMT+0300 (Moscow Standard Time)";"-";"55.7578324";"37.6942149"
"9-я Парковая ул., д.18";"ТС";"19.12.2024";"Первомайская";"Nv 8321tk";"114900";"-";"назначено";"192169";"клюев";"Костюшин Андреей Владимирович (8-903-191-45-58)";"Fri Dec 20 2024 00:00:00 GMT+0300 (Moscow Standard Time)";"-";"55.7927328";"37.7999137"
"Первомайская ул., д.107А";"ТС";"19.12.2024";"Первомайская";"Nv 8321tk";"116888";"-";"назначено";"192168";"клюев";"Костюшин Андреей Владимирович (8-903-191-45-58)";"Fri Dec 20 2024 00:00:00 GMT+0300 (Moscow Standard Time)";"-";"55.793667";"37.811582"
"9-я Парковая ул., д.25";"ТС";"19.12.2024";"Первомайская";"Nv 8321tk";"114904";"-";"назначено";"192167";"клюев";"Костюшин Андреей Владимирович (8-903-191-45-58)";"Fri Dec 20 2024 00:00:00 GMT+0300 (Moscow Standard Time)";"-";"55.796032";"37.7990628"
"Каширское ш., д.25 Б, соор.1";"ТС";"23.12.2024";"Каширская";"Лунь 73т";"115449";"-";"назначено";"53757";"николаев";"Сядайкина Лариса Вячеславовна (8-909-918-56-10)";"Tue Dec 24 2024 00:00:00 GMT+0300 (Moscow Standard Time)";"-";"55.65625660000001";"37.6479542"
"Измайловский пр-т, вл.1, стр.1";"ТС";"19.12.2024";"Партизанская";"Лунь 73т";"116160";"-";"назначено";"53790";"клюев";"Сапленкова Ирина Александровна (8-909-684-90-80)";"Fri Dec 20 2024 00:00:00 GMT+0300 (Moscow Standard Time)";"-";"55.786915";"37.748888"
"Челябинская ул., д.15, соор.4";"ТС";"19.12.2024";"Новогиреево";"Лунь 73т";"117622";"-";"назначено";"53791";"клюев";"Сапленкова Ирина Александровна (8-909-684-90-80)";"Fri Dec 20 2024 00:00:00 GMT+0300 (Moscow Standard Time)";"Нужна альтоника  антенна 20 м  начать с замены сим на билайн ";"55.778534";"37.826671"
"Электродная ул.,д.1 А";"ТС";"19.12.2024";"Шоссе Энтузиастов";"Лунь 73т";"116478";"-";"назначено";"53794";"николаев";"Сапленкова Ирина Александровна (8-909-684-90-80)";"Fri Dec 20 2024 00:00:00 GMT+0300 (Moscow Standard Time)";"-";"55.755149";"37.75296"
"9 Мая ул., д.8А";"ТС";"19.12.2024";"Щёлковская";"Лунь 73т";"114897";"-";"назначено";"53798";"клюев";"Сапленкова Ирина Александровна (8-909-684-90-80)";"Fri Dec 20 2024 00:00:00 GMT+0300 (Moscow Standard Time)";"-";"55.816510";"37.864780"
"1-я Владимирская ул., д.2А";"ТС";"19.12.2024";"Шоссе Энтузиастов";"Лунь 73т";"114857";"-";"назначено";"53800";"клюев";"Сапленкова Ирина Александровна (8-909-684-90-80)";"Fri Dec 20 2024 00:00:00 GMT+0300 (Moscow Standard Time)";"-";"55.761487";"37.7721432"
"Измайловская пл., д.1, стр.2";"ТС";"19.12.2024";"Измайловская";"Лунь 73т";"115444";"-";"назначено";"53808";"клюев";"Костюшин Андреей Владимирович (8-903-191-45-58)";"Fri Dec 20 2024 00:00:00 GMT+0300 (Moscow Standard Time)";"-";"55.7934649";"37.7757525"
"Уральская ул., вл.16, стр.1";"ТС";"19.12.2024";"Щёлковская";"Лунь 73т";"116447";"-";"назначено";"53812";"клюев";"Сапленкова Ирина Александровна (8-909-684-90-80)";"Fri Dec 20 2024 00:00:00 GMT+0300 (Moscow Standard Time)";"-";"-";"-"
"ул.Маршала Бирюзова, д.12";"ТС";"19.12.2024";"Октябрьское поле";"Nv 8321tk";"116436";"-";"назначено";"192171";"дурновцев";"Кушнир Елена Ивановна (8-903-191-38-12";"Fri Dec 20 2024 00:00:00 GMT+0300 (Moscow Standard Time)";"-";"55.793448";"37.494206"
"Народного Ополчения ул., д.20 А";"ТС";"19.12.2024";"Народное Ополчение";"NV 8321ТК ";"116231";"-";"назначено";"192172";"дурновцев";"Кушнир Елена Ивановна (8-903-191-38-12";"Fri Dec 20 2024 00:00:00 GMT+0300 (Moscow Standard Time)";"-";"55.7774126";"37.4799541"
"Генерала Карбышева б-р, д.15 А";"ТС";"19.12.2024";"Народное Ополчение";"NV 8321ТК ";"116140";"-";"назначено";"192170";"дурновцев";"Кушнир Елена Ивановна (8-903-191-38-12";"Fri Dec 20 2024 00:00:00 GMT+0300 (Moscow Standard Time)";"-";"55.7816548";"37.4708924"
"Андроньевская пл., д.5";"ТС";"23.12.2024";"Римская";"Лунь 73т";"114908";"-";"назначено";"53702";"клюев";"Суровая Татьяна Николаевна (8-903-191-41-77)";"Tue Dec 24 2024 00:00:00 GMT+0300 (Moscow Standard Time)";"Связи нет, нужна антенна,";"55.747102";"37.6695959"
"3-я Парковая ул., д.35";"ТС";"19.12.2024";"Измайловская";"Лунь 73т";"114890";"-";"назначено";"53792";"клюев ";"Костюшин Андреей Владимирович (8-903-191-45-58)";"Fri Dec 20 2024 00:00:00 GMT+0300 (Moscow Standard Time)";"-";"55.7966856";"37.7816541"
"г. Москва, 3-я Парковая ул., д.35,";"ТС";"19.12.2024";"Первомайская ";"Лунь 73";"122358";"-";"назначено";"53793";"клюев ";"Костюшин Андреей Владимирович +7 (903) 191-45-58";"Fri Dec 20 2024 00:00:00 GMT+0300 (Moscow Standard Time)";"-";"55.796643";"37.781659"
"Южнопортовая ул., д.22 Б";"ТС";"18.12.2024";"Кожуховская";"Лунь 73 т";"117629";"-";"назначено";"53840";"клюев ";"Сядайкина Лариса Вячеславовна (8-909-918-56-10)";"Thu Dec 19 2024 00:00:00 GMT+0300 (Moscow Standard Time)";"-";"55.7060349";"37.6898"
"Волгоградский просп., д.22";"ТС";"18.12.2024";"Волгоградский проспект";"Лунь 73т ";"115413";"-";"назначено";"53827";"претека";"Дрянова Людмила Ивановна (8-903-191-46-94)";"Thu Dec 19 2024 00:00:00 GMT+0300 (Moscow Standard Time)";"-";"55.7282258";"37.6784305"
"Восточная ул., д.11Б, соор.1";"ТС";"18.12.2024";"Автозаводская";"Лунь 73т";"115417";"-";"назначено";"53829";"претека";"Дрянова Людмила Ивановна (8-903-191-46-94)";"Thu Dec 19 2024 00:00:00 GMT+0300 (Moscow Standard Time)";"НУЖНО АКЛ 900 И ПРОВОД К НЕЙ 12 МЕТРОВ ";"55.713380";"37.659398"
"Мельникова ул., д.21, соор.1";"ТС";"18.12.2024";"Пролетарская";"Лунь 73т ";"116137";"-";"назначено";"53830";"николаев";"Дрянова Людмила Ивановна (8-903-191-46-94)";"Thu Dec 19 2024 00:00:00 GMT+0300 (Moscow Standard Time)";"нет связи  нужна антена 12 м акл";"55.7250623";"37.6689844"
"Автозаводская ул., д.13/1";"ТС";"18.12.2024";"Автозаводская";"Лунь 73т";"116016";"-";"назначено";"53839";"претека";"Дрянова Людмила Ивановна (8-903-191-46-94)";"Thu Dec 19 2024 00:00:00 GMT+0300 (Moscow Standard Time)";"-";"55.7038563";"37.6347329"
"Беговая ул., д.24, соор.3";"ТС";"17.12.2024";"Беговая";"Nv 8321tk";"116087";"-";"назначено";"192161";"насим";"Иванова Светлаа Александровна (8-963-606-70-00)";"Wed Dec 18 2024 00:00:00 GMT+0300 (Moscow Standard Time)";"-";"55.78069989999999";"37.5595554"
"1-й Боткинский прд, д.2, стр.1";"ТС";"17.12.2024";"Беговая";"Nv 8321tk";"115966";"-";"назначено";"192160";"насим";"Иванова Светлаа Александровна (8-963-606-70-00)";"Wed Dec 18 2024 00:00:00 GMT+0300 (Moscow Standard Time)";"-";"55.7820732";"37.5551167"
"Зеленодольская ул., д. 43";"ТС";"12.12.2024";"Кузьминки";"nv 206";"115434";"-";"назначено";"192145";"клюев 12.03";"Сапленкова Ирина Александровна (8-909-684-90-80)";"Wed Dec 18 2024 00:00:00 GMT+0300 (Moscow Standard Time)";"-";"55.7025393";"37.7661697"
"Академика Скрябина ул., д. 19, стр. 18";"ТС";"12.12.2024";"Выхино";"nv 206";"116032";"-";"назначено";"192144";"клюев 12.03";"Сапленкова Ирина Александровна (8-909-684-90-80)";"Wed Dec 18 2024 00:00:00 GMT+0300 (Moscow Standard Time)";"-";"55.70476679999999";"37.7972681"
"Маевок ул., д.9";"ТС";"12.12.2024";"Окская";"nv206";"116202";"-";"назначено";"192153";"клюев 12.03";"Сядайкина Лариса Вячеславовна (8-909-918-56-10)";"Wed Dec 18 2024 00:00:00 GMT+0300 (Moscow Standard Time)";"-";"55.730051";"37.773709"
"Кузьминская ул., д.3";"ТС";"10.12.2024";"Юго-Восточная";"nv206";"115481";"-";"назначено";"192147";"клюев 12.03";"Сапленкова Ирина Александровна (8-909-684-90-80)";"Wed Dec 18 2024 00:00:00 GMT+0300 (Moscow Standard Time)";"-";"55.6947858";"37.7940084"
"Трехгорный вал, вл.7,стр.1";"ТС";"-";"улица 1905 года";"-";"117605";"-";"назначено";"192178";"насим ";"Суровая Татьяна Николаевна (8-903-191-41-77)";"заявка 28.12";"-";"55.7583278";"37.5601318"
"Марксистская ул, д. 2 стр. 2";"ТС";"23.12.2024";"Таганская";"Лунь 73т ";"116205";"-";"назначено";"53699";"николаев ";"Суровая Татьяна Николаевна (8-903-191-41-77)";"Tue Dec 24 2024 00:00:00 GMT+0300 (Moscow Standard Time)";"-";"55.740716";"37.655648"
"Нагорный бульвар, д.7";"ТС";"22.12.2024";"Нагорная";"Лунь 73т";"116207";"-";"назначено";"53784";"николаев константин ";"Сядайкина Лариса Вячеславовна (8-909-918-56-10)";"Tue Dec 24 2024 00:00:00 GMT+0300 (Moscow Standard Time)";"-";"55.6734158";"37.5949233"
"Ленинский просп., д.39 Б";"ТС";"22.12.2024";"Ленинский проспект";"Лунь 37т";"116200";"-";"назначено";"53786";"претека николай";"Дубинина Ольга Александровна (8-909-918-56-60)";"Tue Dec 24 2024 00:00:00 GMT+0300 (Moscow Standard Time)";"-";"55.7065606";"37.5851269"
"Ленинский просп., д. 41 А";"ТС";"22.12.2024";"Ленинский проспект";"Лунь 37т";"115485";"-";"назначено";"53803";"претека николай";"Дубинина Ольга Александровна (8-909-918-56-60)";"Tue Dec 24 2024 00:00:00 GMT+0300 (Moscow Standard Time)";"Требуется АКЛ 900 15 метров кабеля";"55.706781";"37.580059"
"Паустовского ул., д. 8, к.1";"ТС";"18.12.2024";"Ясенево";"Лунь 37т";"116886";"-";"назначено";"53822";"претека николай";"Дрянова Людмила Ивановна (8-903-191-46-94)";"Thu Dec 19 2024 00:00:00 GMT+0300 (Moscow Standard Time)";"-";"55.599041";"37.538269"
"Голубинская ул., вл. 5, стр.2";"ТС";"18.12.2024";"Теплый стан";"Лунь 37т";"115420";"-";"назначено";"53826";"претека николай";"Дрянова Людмила Ивановна (8-903-191-46-94)";"Thu Dec 19 2024 00:00:00 GMT+0300 (Moscow Standard Time)";"На объекте нет связи Решение заменить лунь на норд и установить акл 900";"55.6074372";"37.512895"
"Симоновский вал, д.26, к.2";"ТС";"18.12.2024";"Пролетарская";"Лунь 73т ";"116411";"-";"назначено";"53828";"николаев ";"Дрянова Людмила Ивановна (8-903-191-46-94)";"Thu Dec 19 2024 00:00:00 GMT+0300 (Moscow Standard Time)";"-";"55.71813";"37.6627733"
"Ул. Академика Варги, д.8, к.1,стр.3";"ТС";"18.12.2024";"Генерала Тюленева";"Лунь 73";"116429";"-";"назначено";"53821";"Гагик 12.03.2025";"Дрянова Людмила Ивановна (8-903-191-46-94)";"Thu Dec 19 2024 00:00:00 GMT+0300 (Moscow Standard Time)";"-";"55.630905";"37.475021"
"Перовская ул., д.31";"ТС";"12.12.2024";"Перово";"nv206";"116890";"-";"назначено";"192150";"клюев 12.03";"Сапленкова Ирина Александровна (8-909-684-90-80)";"Wed Dec 18 2024 00:00:00 GMT+0300 (Moscow Standard Time)";"-";"55.74710700000001";"37.7745559"
"Перовская ул., д.32, стр.1";"ТС";"12.12.2024";"Перово";"nv206";"116891";"-";"назначено";"192151";"клюев 12.03";"Сапленкова Ирина Александровна (8-909-684-90-80)";"Wed Dec 18 2024 00:00:00 GMT+0300 (Moscow Standard Time)";"-";"55.7452966";"37.7763993"
"Кусковская ул., д.2, стр.1";"ТС";"12.12.2024";"Перово";"nv206";"115483";"-";"назначено";"192152";"клюев 12.03";"Сапленкова Ирина Александровна (8-909-684-90-80)";"Wed Dec 18 2024 00:00:00 GMT+0300 (Moscow Standard Time)";"-";"55.73717929999999";"37.7653426"
"Мартеновская ул., д.25А";"ТС";"12.12.2024";"Новогиреево";"nv206";"116130";"-";"назначено";"192149";"клюев 12.03";"Сапленкова Ирина Александровна (8-909-684-90-80)";"Wed Dec 18 2024 00:00:00 GMT+0300 (Moscow Standard Time)";"-";"55.750114";"37.802823"
"Рязанский пр-т, д.75 Б, соор.1";"ТС";"11.12.2024";"Рязанский проспект";"nv 206";"116409";"-";"назначено";"192146";"николаев 11.03";"Сапленкова Ирина Александровна (8-909-684-90-80)";"Wed Dec 18 2024 00:00:00 GMT+0300 (Moscow Standard Time)";"нужна альтоника и прибор к кторому можно подключить большую антенну ";"55.7182615";"37.7920714"
"Вешняковская ул., д.18, стр. 2";"ТС";"12.12.2024";"Выхино";"nv 206";"116108";"-";"назначено";"192143";"клюев 11.03";"Сапленкова Ирина Александровна (8-909-684-90-80)";"Wed Dec 18 2024 00:00:00 GMT+0300 (Moscow Standard Time)";"-";"55.724629";"37.824944"
"г.Москва, г.Зеленоград, корпус 900, стр.1";"ТС";"23.12.2024";"Зеленоград";"Лунь 73";"116117";"-";"назначено";"53795";"шишкинский 12.03.2025";"Кушнир Елена Ивановна (8-903-191-38-12";"Tue Dec 24 2024 00:00:00 GMT+0300 (Moscow Standard Time)";"-";"55.9813315";"37.1842552"
"г.Москва, г.Зеленоград,Привокзальная площадь, стр.7";"ТС";"20.12.2024";"Зеленоград";"Лунь 73";"116133";"-";"назначено";"53796";"шишкинский 12.03.2025";"Кушнир Елена Ивановна (8-903-191-38-12";"Tue Dec 24 2024 00:00:00 GMT+0300 (Moscow Standard Time)";"-";"55.9808112";"37.1713764"
"г.Москва, г.Зеленоград,Пл ощадь Юности, д.2,стр.3";"ТС";"19.12.2024";"Зеленоград";"Лунь 73";"116128";"-";"назначено";"53810";"шишкинский 12.03.2025";"Кушнир Елена Ивановна (8-903-191-38-12";"Fri Dec 20 2024 00:00:00 GMT+0300 (Moscow Standard Time)";"-";"56.0021903";"37.2105829"
"г.Москва, г.Зеленоград, корпус 1446, стр.8";"ТС";"19.12.2024";"Зеленоград";"Лунь 73";"116126";"-";"назначено";"53811";"шишкинский 12.03.2025";"Кушнир Елена Ивановна (8-903-191-38-12";"Fri Dec 20 2024 00:00:00 GMT+0300 (Moscow Standard Time)";"-";"55.9852309";"37.1525886"
"Ивана Франко ул., д. 12 Б";"ТС";"24.12.2024";"Кунцевская";"Лунь 73т";"115441";"-";"готово";"53703";"-";"Дубинина Ольга Александровна (8-909-918-56-60)";"Fri Dec 27 2024 00:00:00 GMT+0300 (Moscow Standard Time)";"-";"55.729123";"37.444736"
"Беговая аллея, д.3";"ТС";"17.12.2024";"Динамо";"Nv 8321tk";"116081";"-";"готово";"192162";"-";"Иванова Светлаа Александровна (8-963-606-70-00)";"Wed Dec 18 2024 00:00:00 GMT+0300 (Moscow Standard Time)";"-";"55.7798747";"37.5598027"
"метро Курская, улица Земляной Вал, д 27, стр.2";"ОС и ТС";"25.12.2024";"Курская";"GPS/ГЛОНАСС трекер";"120032";"-";"готово";"138615";"-";"Кадыров Александр Николаевич (8-929-541-37-64)";"Tue Dec 24 2024 00:00:00 GMT+0300 (Moscow Standard Time)";"-";"55.7586674";"37.6589685"
"Камергерский переулок (возле д. 2)";"ОС и ТС";"26.12.2024";"Охотный ряд";"GPS/ГЛОНАСС трекер";"119728";"-";"не назначено";"138583";"-";"Кадыров Александр Николаевич (8-929-541-37-64)";"Fri Dec 27 2024 00:00:00 GMT+0300 (Moscow Standard Time)";"-";"55.7600253";"37.6138038"
"Страстной бульвар (напротив д. 14/16)";"ОС и ТС";"26.12.2024";"Пушкинская";"GPS/ГЛОНАСС трекер";"120213";"-";"не назначено";"138584";"-";"Кадыров Александр Николаевич (8-929-541-37-64)";"Fri Dec 27 2024 00:00:00 GMT+0300 (Moscow Standard Time)";"-";"55.7666261";"37.6092107"
"ул. Арбат, д. 16/2, стр.2";"ОС и ТС";"26.12.2024";"Арбатская";"GPS/ГЛОНАСС трекер";"120222";"-";"не назначено";"138598";"-";"Кадыров Александр Николаевич (8-929-541-37-64)";"Fri Dec 27 2024 00:00:00 GMT+0300 (Moscow Standard Time)";"-";"55.750494";"37.59429799999999"
"Манежная площадь (вблизи нулевого километра)";"ОС и ТС";"26.12.2024";"Охотный ряд";"GPS/ГЛОНАСС трекер";"120004";"-";"не назначено";"138790";"-";"Кадыров Александр Николаевич (8-929-541-37-64)";"Fri Dec 27 2024 00:00:00 GMT+0300 (Moscow Standard Time)";"на связь проверить не смог красную площадь заглушили ";"55.7553248";"37.6146947"
"м. Театральная (Театральная площадь)";"ОС и ТС";"26.12.2024";"Театральная";"GPS/ГЛОНАСС трекер";"119738";"-";"не назначено";"138792";"-";"Кадыров Александр Николаевич (8-929-541-37-64)";"Fri Dec 27 2024 00:00:00 GMT+0300 (Moscow Standard Time)";"-";"55.757535";"37.619188"
"метро Лубянка, ул. Никольская, д. 12/1/2 стр.3 (Лубянская площадь)";"ОС и ТС";"26.12.2024";"Лубянка";"GPS/ГЛОНАСС трекер";"120033";"-";"не назначено";"138793";"-";"Кадыров Александр Николаевич (8-929-541-37-64)";"Fri Dec 27 2024 00:00:00 GMT+0300 (Moscow Standard Time)";"-";"55.7587924";"37.625356"
"Манежная площадь (вблизи нулевого километра)";"ОС и ТС";"26.12.2024";"Охотный ряд";"GPS/ГЛОНАСС трекер";"120015";"-";"не назначено";"138794";"-";"Кадыров Александр Николаевич (8-929-541-37-64)";"Fri Dec 27 2024 00:00:00 GMT+0300 (Moscow Standard Time)";"-";"55.7553248";"37.6146947"
"Парк Зарядье (Москворецкая ул. на пересечении с Москворецкой набережной)";"ОС и ТС";"26.12.2024";"Китай-Город";"GPS/ГЛОНАСС трекер";"120035";"-";"не назначено";"138796";"-";"Кадыров Александр Николаевич (8-929-541-37-64)";"Fri Dec 27 2024 00:00:00 GMT+0300 (Moscow Standard Time)";"*";"55.7514578";"37.6287988"
"Лубянский проезд (напротив д. 25 стр.2)";"ОС и ТС";"26.12.2024";"Китай-Город";"GPS/ГЛОНАСС трекер";"119725";"-";"не назначено";"138798";"-";"Кадыров Александр Николаевич (8-929-541-37-64)";"Fri Dec 27 2024 00:00:00 GMT+0300 (Moscow Standard Time)";"*";"55.7573603";"37.631123"
"Б. Черкизовская ул., д.3, корп. 1, соор. 1";"ТС";"-";"Преображенская площадь";"-";"116072";"-";"в стопе";"-";"-";"Сапленкова Ирина Александровна (8-909-684-90-80)";"-";"ремонт";"55.795966";"37.7385272"
"Левобережная ул., д.12 А";"ТС";"-";"Ховрино";"-";"116190";"-";"в стопе";"-";"-";"-";"-";"в ремонте";"55.879763";"37.472189"
"Измайловский пр-т, д.61";"ТС";"-";"Измайловская";"Лунь 73т";"116166";"-";"в стопе";"-";"-";"Костюшин Андреей Владимирович (8-903-191-45-58)";"-";"ремонт";"55.78898599999999";"37.7836411"
"Уральская ул., д.1, соор.1";"ТС";"-";"Щёлковская";"Лунь 73т";"116455";"-";"в стопе";"-";"-";"Сапленкова Ирина Александровна (8-909-684-90-80)";"-";"ремонт";"55.810606";"37.7978875"
"1-я Останкинская ул., д.7А, стр.3";"ТС";"-";"ВДНХ";"-";"115981";"-";"в стопе";"-";"-";"Костюшин Андреей Владимирович (8-903-191-45-58)";"-";"ремонт";"55.8274132";"37.6092038"
"Планерная ул., д.7";"ТС";"-";"Планерная";"-";"116362";"-";"в стопе";"-";"-";"-";"-";"в ремогте";"55.8628139";"37.4349881"
"В. Радищевская ул., д.22";"ТС";"-";"Таганская";"-";"116102";"-";"в стопе";"-";"-";"Суровая Татьяна Николаевна (8-903-191-41-77)";"-";"ремонт";"55.742681";"37.653256"
"Бутырская ул., д.82 А";"ТС";"-";"Дмитровская";"-";"114936";"-";"в стопе";"-";"-";"Иванова Светлаа Александровна (8-963-606-70-00)";"-";"ремонт";"55.8055221";"37.5831005"
"Россошанская ул., д. 3, к.1А, соор.1";"ТС";"-";"улица академика Янгеля";"-";"116400";"-";"в стопе";"-";"-";"Сядайкина Лариса Вячеславовна (8-909-918-56-10)";"-";"ремонт";"55.595453";"37.606876"
"Трофимова ул., д.17, соор.1";"ТС";"-";"Кожуховская";"-";"-";"-";"в стопе";"-";"-";"Дрянова Людмила Ивановна (8-903-191-46-94)";"-";"ремонт. ";"55.7034264";"37.6745649"
"Техническая база ГБУ «Доринвест» по адресу: Южный порт, г. Москва, ул. Южнопортовая, вл. 25/1 (резерв)";"ОС и ТС";"-";"Печатники";"GPS/ГЛОНАСС трекер";"-";"-";"в стопе";"-";"-";"-";"-";"без монтажа";"55.7040681";"37.70792429999999"
"Техническая база ГБУ «Доринвест» по адресу: Южный порт, г. Москва, ул. Южнопортовая, вл. 25/1 (резерв)";"ОС и ТС";"-";"Печатники";"GPS/ГЛОНАСС трекер";"-";"-";"в стопе";"-";"-";"-";"-";"без монтажа";"55.7040681";"37.70792429999999"
"Техническая база ГБУ «Доринвест» по адресу: Южный порт, г. Москва, ул. Южнопортовая, вл. 25/1 (резерв)";"ОС и ТС";"-";"Печатники";"GPS/ГЛОНАСС трекер";"-";"-";"в стопе";"-";"-";"-";"-";"без монтажа";"55.7040681";"37.70792429999999"
